t [s],ag [g]
0.000000,-0.00046177
0.005000,-0.00046780
0.010000,-0.00047392
0.015000,-0.00048272
0.020000,-0.00048765
0.025000,-0.00049231
0.030000,-0.00050008
0.035000,-0.00050901
0.040000,-0.00051344
0.045000,-0.00052329
0.050000,-0.00053382
0.055000,-0.00052878
0.060000,-0.00052373
0.065000,-0.00052963
0.070000,-0.00053653
0.075000,-0.00053590
0.080000,-0.00056307
0.085000,-0.00058630
0.090000,-0.00056773
0.095000,-0.00058004
0.100000,-0.00066631
0.105000,-0.00070767
0.110000,-0.00067290
0.115000,-0.00069948
0.120000,-0.00072089
0.125000,-0.00067092
0.130000,-0.00049610
0.135000,-0.00057074
0.140000,-0.00041789
0.145000,-0.00056647
0.150000,-0.00054620
0.155000,-0.00071320
0.160000,-0.00051786
0.165000,-0.00038732
0.170000,-0.00019538
0.175000,-0.00035257
0.180000,-0.00022665
0.185000,-0.00033433
0.190000,-0.00043866
0.195000,-0.00033683
0.200000,-0.00014268
0.205000,-0.00010343
0.210000,-0.00027905
0.215000,-0.00052030
0.220000,-0.00013272
0.225000,0.00002298
0.230000,0.00022340
0.235000,0.00090375
0.240000,0.00060068
0.245000,0.00146338
0.250000,0.00257395
0.255000,0.00313770
0.260000,0.00339709
0.265000,0.00303860
0.270000,0.00335973
0.275000,0.00304378
0.280000,0.00289797
0.285000,0.00260971
0.290000,0.00258678
0.295000,0.00306821
0.300000,0.00258670
0.305000,0.00185133
0.310000,0.00108304
0.315000,0.00031561
0.320000,-0.00074394
0.325000,-0.00150053
0.330000,-0.00085657
0.335000,-0.00142401
0.340000,-0.00141681
0.345000,-0.00242336
0.350000,-0.00244227
0.355000,-0.00385459
0.360000,-0.00448516
0.365000,-0.00280349
0.370000,-0.00334803
0.375000,-0.00248568
0.380000,-0.00215853
0.385000,-0.00234395
0.390000,-0.00296720
0.395000,-0.00181854
0.400000,-0.00201736
0.405000,-0.00057634
0.410000,-0.00132492
0.415000,-0.00129779
0.420000,-0.00084610
0.425000,-0.00048566
0.430000,-0.00186033
0.435000,-0.00261423
0.440000,-0.00283795
0.445000,-0.00381780
0.450000,-0.00298109
0.455000,-0.00223766
0.460000,-0.00463533
0.465000,-0.00684657
0.470000,-0.00837609
0.475000,-0.00804355
0.480000,-0.00510305
0.485000,-0.00546001
0.490000,-0.00491968
0.495000,-0.00625316
0.500000,-0.00755766
0.505000,-0.01021067
0.510000,-0.00991360
0.515000,-0.00807947
0.520000,-0.00828960
0.525000,-0.00566032
0.530000,-0.00499364
0.535000,-0.00472010
0.540000,-0.00350494
0.545000,-0.00234849
0.550000,-0.00003474
0.555000,-0.00125506
0.560000,-0.00521873
0.565000,-0.00469421
0.570000,-0.00555280
0.575000,-0.00527902
0.580000,-0.00167630
0.585000,-0.00363361
0.590000,-0.00179059
0.595000,0.00041070
0.600000,0.00156392
0.605000,0.00409815
0.610000,0.00315887
0.615000,0.00170022
0.620000,0.00409507
0.625000,0.00572451
0.630000,0.00887065
0.635000,0.00918123
0.640000,0.01283070
0.645000,0.01177160
0.650000,0.00874722
0.655000,0.00325407
0.660000,0.00016587
0.665000,0.00206693
0.670000,-0.00204295
0.675000,-0.00341605
0.680000,0.00216105
0.685000,0.00424048
0.690000,0.00892500
0.695000,0.00568486
0.700000,-0.00175812
0.705000,0.00243080
0.710000,-0.00206449
0.715000,-0.00199984
0.720000,-0.00153798
0.725000,-0.00465351
0.730000,0.00007995
0.735000,0.00476844
0.740000,0.00620612
0.745000,0.00572617
0.750000,0.00596212
0.755000,0.00188692
0.760000,0.00074637
0.765000,0.00008195
0.770000,-0.00316017
0.775000,-0.00037068
0.780000,-0.00570097
0.785000,-0.00744075
0.790000,-0.01570035
0.795000,-0.01364260
0.800000,-0.01063392
0.805000,-0.00808009
0.810000,0.00328868
0.815000,0.00682425
0.820000,0.00288378
0.825000,0.01333070
0.830000,0.00915778
0.835000,0.01196955
0.840000,0.01451647
0.845000,0.01020236
0.850000,0.01552686
0.855000,0.01628661
0.860000,0.01792493
0.865000,0.01403354
0.870000,0.01891975
0.875000,0.01400294
0.880000,0.00496114
0.885000,0.01073074
0.890000,0.00783085
0.895000,0.00717282
0.900000,0.01543473
0.905000,0.01979081
0.910000,0.02160501
0.915000,0.02549045
0.920000,0.02036346
0.925000,0.02268651
0.930000,0.02674395
0.935000,0.02887945
0.940000,0.02596785
0.945000,0.00454232
0.950000,0.00620259
0.955000,0.00551544
0.960000,0.00226461
0.965000,0.00536455
0.970000,0.00563295
0.975000,0.00558663
0.980000,-0.00391095
0.985000,-0.01306072
0.990000,-0.01147890
0.995000,-0.01154045
1.000000,-0.01115232
1.005000,-0.01053191
1.010000,-0.00838881
1.015000,-0.00848577
1.020000,-0.00778677
1.025000,-0.00644661
1.030000,-0.00090850
1.035000,-0.00449516
1.040000,0.00023945
1.045000,0.00394769
1.050000,0.00416426
1.055000,0.00059055
1.060000,0.00263485
1.065000,0.00792950
1.070000,0.00012618
1.075000,0.00015440
1.080000,0.00021073
1.085000,-0.00472442
1.090000,-0.00925552
1.095000,-0.02020260
1.100000,-0.02770555
1.105000,-0.03807469
1.110000,-0.04148404
1.115000,-0.04427769
1.120000,-0.04673929
1.125000,-0.04224959
1.130000,-0.04190041
1.135000,-0.04552912
1.140000,-0.04892444
1.145000,-0.05528119
1.150000,-0.05414942
1.155000,-0.05305555
1.160000,-0.03740848
1.165000,-0.02271079
1.170000,-0.00875212
1.175000,0.00973478
1.180000,0.00088305
1.185000,0.00762535
1.190000,0.01485231
1.195000,0.01942347
1.200000,0.03766547
1.205000,0.05884714
1.210000,0.06599757
1.215000,0.06990427
1.220000,0.05798591
1.225000,0.04608930
1.230000,0.05037431
1.235000,0.04748487
1.240000,0.03321451
1.245000,0.03008172
1.250000,0.03137227
1.255000,0.03788258
1.260000,0.03448801
1.265000,0.02958307
1.270000,0.02733343
1.275000,0.02668640
1.280000,0.01322002
1.285000,0.01934118
1.290000,0.03856161
1.295000,0.04382890
1.300000,0.02653642
1.305000,0.02495422
1.310000,0.00472380
1.315000,-0.01566470
1.320000,-0.01011755
1.325000,-0.01053461
1.330000,-0.01874156
1.335000,-0.04124266
1.340000,-0.05446374
1.345000,-0.05200682
1.350000,-0.05075699
1.355000,-0.04225248
1.360000,-0.02473356
1.365000,-0.02779603
1.370000,-0.02182426
1.375000,-0.02262398
1.380000,-0.02734079
1.385000,-0.02905559
1.390000,-0.01702598
1.395000,-0.02787227
1.400000,-0.01354228
1.405000,0.00437651
1.410000,0.00508343
1.415000,0.00828095
1.420000,-0.00832578
1.425000,0.02024138
1.430000,0.03155378
1.435000,0.03275510
1.440000,0.03239200
1.445000,0.03671023
1.450000,0.02723280
1.455000,0.02943920
1.460000,0.01644626
1.465000,0.02153702
1.470000,0.01159476
1.475000,0.02188700
1.480000,0.01887973
1.485000,0.02092004
1.490000,0.05784448
1.495000,0.06557036
1.500000,0.06586225
1.505000,0.06299736
1.510000,0.04557376
1.515000,0.05696662
1.520000,0.07498765
1.525000,0.07149463
1.530000,0.09000664
1.535000,0.08322158
1.540000,0.05336357
1.545000,0.03976527
1.550000,0.02080422
1.555000,0.01342263
1.560000,0.01915270
1.565000,0.00253508
1.570000,-0.00132524
1.575000,-0.00089147
1.580000,-0.01394870
1.585000,-0.02911979
1.590000,-0.02897510
1.595000,-0.01692958
1.600000,-0.02710647
1.605000,-0.03909803
1.610000,-0.04133944
1.615000,-0.03673178
1.620000,-0.04483573
1.625000,-0.04932065
1.630000,-0.05189291
1.635000,-0.06756574
1.640000,-0.06832818
1.645000,-0.07488868
1.650000,-0.04690036
1.655000,-0.05310412
1.660000,-0.04331053
1.665000,-0.03490984
1.670000,-0.05108910
1.675000,-0.06892684
1.680000,-0.07290382
1.685000,-0.05820086
1.690000,-0.06438716
1.695000,-0.07169732
1.700000,-0.11663990
1.705000,-0.11763251
1.710000,-0.10617363
1.715000,-0.09248303
1.720000,-0.07922672
1.725000,-0.07937119
1.730000,-0.07766175
1.735000,-0.05725874
1.740000,-0.05450220
1.745000,-0.09045270
1.750000,-0.06588191
1.755000,-0.07969313
1.760000,-0.04865182
1.765000,-0.01260653
1.770000,0.00529147
1.775000,0.02510987
1.780000,0.06180880
1.785000,0.04199208
1.790000,0.04773167
1.795000,0.05270867
1.800000,0.03435422
1.805000,0.07298268
1.810000,0.06059135
1.815000,0.04528412
1.820000,0.04947548
1.825000,0.06820613
1.830000,0.05420260
1.835000,0.04034782
1.840000,0.04854200
1.845000,0.01792368
1.850000,0.00108704
1.855000,-0.01663540
1.860000,-0.02565542
1.865000,-0.02838857
1.870000,0.00971668
1.875000,0.02758075
1.880000,0.02660351
1.885000,0.02042371
1.890000,0.03730949
1.895000,0.04428663
1.900000,0.06072729
1.905000,0.08696613
1.910000,0.06126996
1.915000,0.00933696
1.920000,0.00686708
1.925000,0.00670962
1.930000,0.01112782
1.935000,-0.00393370
1.940000,-0.01046458
1.945000,0.00079572
1.950000,0.01303233
1.955000,0.04103891
1.960000,-0.01037028
1.965000,-0.04868852
1.970000,-0.01515690
1.975000,-0.00184947
1.980000,0.01541857
1.985000,0.00736746
1.990000,-0.00485859
1.995000,-0.00102395
2.000000,-0.02392061
2.005000,-0.05972260
2.010000,-0.08418825
2.015000,-0.07873168
2.020000,-0.06097688
2.025000,-0.01989550
2.030000,-0.01016253
2.035000,0.00157983
2.040000,0.04131016
2.045000,0.02175057
2.050000,-0.00151875
2.055000,-0.01413037
2.060000,-0.01592892
2.065000,0.03198153
2.070000,0.02254030
2.075000,0.05207907
2.080000,0.03870716
2.085000,0.04821397
2.090000,0.06165056
2.095000,0.07091931
2.100000,0.08471970
2.105000,0.06404217
2.110000,0.09410889
2.115000,0.11170525
2.120000,0.08894735
2.125000,0.09501362
2.130000,0.06366482
2.135000,0.06064546
2.140000,0.02801299
2.145000,0.04079460
2.150000,0.10569318
2.155000,0.13309937
2.160000,0.14186571
2.165000,0.11171570
2.170000,0.11242340
2.175000,0.13171363
2.180000,0.12025324
2.185000,0.11406934
2.190000,0.06523806
2.195000,0.03777662
2.200000,-0.01182929
2.205000,0.02869736
2.210000,0.03420330
2.215000,0.04552887
2.220000,0.03481227
2.225000,-0.00487380
2.230000,-0.00461283
2.235000,-0.02314102
2.240000,-0.04852726
2.245000,-0.04864956
2.250000,-0.04713714
2.255000,-0.05214359
2.260000,-0.07054392
2.265000,-0.09287095
2.270000,-0.09074568
2.275000,-0.05981698
2.280000,-0.09586999
2.285000,-0.10810258
2.290000,-0.10790910
2.295000,-0.10724740
2.300000,-0.11640394
2.305000,-0.06585028
2.310000,-0.05269328
2.315000,-0.07232826
2.320000,-0.11210303
2.325000,-0.11015124
2.330000,-0.06932504
2.335000,-0.05993882
2.340000,-0.10954046
2.345000,-0.13517342
2.350000,-0.12446224
2.355000,-0.09173597
2.360000,-0.08171052
2.365000,-0.07176188
2.370000,-0.04050488
2.375000,-0.00614317
2.380000,-0.01844528
2.385000,-0.00439079
2.390000,-0.02369636
2.395000,-0.04523385
2.400000,-0.02707345
2.405000,-0.05673034
2.410000,-0.04802798
2.415000,-0.03625865
2.420000,-0.01214979
2.425000,-0.03611712
2.430000,-0.02344876
2.435000,-0.02316293
2.440000,0.01474469
2.445000,-0.00107342
2.450000,-0.02509005
2.455000,-0.01062748
2.460000,-0.02851404
2.465000,-0.05606446
2.470000,-0.03097067
2.475000,-0.01800179
2.480000,-0.08845588
2.485000,-0.10496122
2.490000,-0.12499795
2.495000,-0.10298477
2.500000,-0.06213186
2.505000,-0.00895575
2.510000,0.01054650
2.515000,-0.01305166
2.520000,-0.03677872
2.525000,-0.05552284
2.530000,-0.03980581
2.535000,-0.00649014
2.540000,-0.04899184
2.545000,-0.03082930
2.550000,-0.00588760
2.555000,0.00371961
2.560000,0.08117089
2.565000,0.09222394
2.570000,0.09063597
2.575000,0.10218182
2.580000,0.08582783
2.585000,0.05667841
2.590000,0.06392388
2.595000,0.08778642
2.600000,0.07798411
2.605000,0.09542001
2.610000,0.08145987
2.615000,0.11471892
2.620000,0.11329199
2.625000,0.11905536
2.630000,0.12970317
2.635000,0.09003714
2.640000,0.07896074
2.645000,0.11548803
2.650000,0.10824903
2.655000,0.13301892
2.660000,0.14448127
2.665000,0.09173827
2.670000,0.10007515
2.675000,0.06596444
2.680000,0.06465037
2.685000,0.04756222
2.690000,0.04139743
2.695000,0.03338826
2.700000,0.03313180
2.705000,0.01683813
2.710000,-0.01982877
2.715000,-0.04691126
2.720000,-0.02755317
2.725000,0.01035247
2.730000,0.01214869
2.735000,0.02827306
2.740000,0.04703073
2.745000,0.01026991
2.750000,-0.03694911
2.755000,-0.03958447
2.760000,-0.08492517
2.765000,-0.09030942
2.770000,-0.12327509
2.775000,-0.13453898
2.780000,-0.14781768
2.785000,-0.13029323
2.790000,-0.14022214
2.795000,-0.16102870
2.800000,-0.15255795
2.805000,-0.07560067
2.810000,-0.05911211
2.815000,-0.10019345
2.820000,-0.09195469
2.825000,-0.02578583
2.830000,-0.01824981
2.835000,0.01491480
2.840000,0.04267826
2.845000,0.07095680
2.850000,0.09458806
2.855000,0.09890769
2.860000,0.09165399
2.865000,0.08201517
2.870000,0.08168026
2.875000,0.08819322
2.880000,0.05427657
2.885000,0.04464848
2.890000,0.04083140
2.895000,0.04050511
2.900000,0.03030923
2.905000,0.04653226
2.910000,0.04075776
2.915000,0.02874056
2.920000,-0.00305582
2.925000,-0.02289344
2.930000,-0.01830060
2.935000,-0.01631488
2.940000,-0.06478340
2.945000,-0.04189660
2.950000,-0.05769074
2.955000,-0.07734805
2.960000,-0.04880391
2.965000,-0.01993995
2.970000,-0.03591292
2.975000,-0.04288638
2.980000,-0.06980776
2.985000,-0.04784590
2.990000,-0.02440301
2.995000,-0.03319554
3.000000,0.00122657
3.005000,0.02329276
3.010000,0.02002891
3.015000,0.03652421
3.020000,-0.00337258
3.025000,-0.00932127
3.030000,-0.00302018
3.035000,-0.00309819
3.040000,0.04502819
3.045000,0.05054476
3.050000,0.05695376
3.055000,0.02324313
3.060000,0.01731993
3.065000,-0.00240322
3.070000,0.05190296
3.075000,0.03941416
3.080000,0.03974536
3.085000,0.06561061
3.090000,0.07726347
3.095000,0.03985241
3.100000,0.05163921
3.105000,0.06456430
3.110000,0.05598671
3.115000,0.06269919
3.120000,0.06061352
3.125000,0.02359369
3.130000,0.00713180
3.135000,0.00501091
3.140000,-0.01115231
3.145000,-0.00025388
3.150000,0.02119903
3.155000,0.02485779
3.160000,0.01325929
3.165000,0.04272755
3.170000,0.04240540
3.175000,0.04707574
3.180000,0.02535088
3.185000,0.01716481
3.190000,0.03775760
3.195000,0.05162866
3.200000,0.04312816
3.205000,0.03943618
3.210000,0.04029597
3.215000,0.01439710
3.220000,0.00715981
3.225000,-0.00737054
3.230000,-0.04171139
3.235000,-0.03858281
3.240000,-0.04224808
3.245000,-0.07643802
3.250000,-0.09341328
3.255000,-0.09281426
3.260000,-0.15748105
3.265000,-0.14729251
3.270000,-0.13498273
3.275000,-0.11369955
3.280000,-0.12193626
3.285000,-0.14889527
3.290000,-0.12646208
3.295000,-0.15137473
3.300000,-0.13016615
3.305000,-0.13787924
3.310000,-0.15288853
3.315000,-0.13644239
3.320000,-0.10093029
3.325000,-0.09649564
3.330000,-0.09421413
3.335000,-0.12571520
3.340000,-0.09694989
3.345000,-0.08687813
3.350000,-0.08520509
3.355000,-0.04659804
3.360000,-0.07679682
3.365000,-0.08107890
3.370000,-0.07328377
3.375000,-0.07282051
3.380000,-0.12251373
3.385000,-0.10508998
3.390000,-0.09707294
3.395000,-0.06490967
3.400000,-0.00986172
3.405000,-0.00917477
3.410000,0.00460629
3.415000,0.01451303
3.420000,0.02178744
3.425000,0.02125101
3.430000,0.03269688
3.435000,0.06075201
3.440000,0.04110863
3.445000,0.08618455
3.450000,0.09654837
3.455000,0.10128616
3.460000,0.04563174
3.465000,0.04407851
3.470000,0.01976932
3.475000,0.03248914
3.480000,0.05353558
3.485000,0.07816822
3.490000,0.07082016
3.495000,0.06561579
3.500000,0.07234563
3.505000,0.01926440
3.510000,0.00698367
3.515000,-0.00737888
3.520000,0.00375082
3.525000,-0.00835850
3.530000,0.00816359
3.535000,0.00220277
3.540000,0.02102484
3.545000,0.07105636
3.550000,0.10364887
3.555000,0.12045228
3.560000,0.14089678
3.565000,0.12481399
3.570000,0.09945999
3.575000,0.07299268
3.580000,0.07171626
3.585000,0.10028512
3.590000,0.07608554
3.595000,0.08067188
3.600000,0.04482325
3.605000,0.01098830
3.610000,0.02705093
3.615000,0.00650227
3.620000,-0.01382590
3.625000,0.02978355
3.630000,0.02729973
3.635000,0.02230975
3.640000,0.01323938
3.645000,0.01969156
3.650000,-0.00029285
3.655000,-0.00151647
3.660000,0.02154520
3.665000,0.01090805
3.670000,-0.04744327
3.675000,-0.06308766
3.680000,-0.04451849
3.685000,-0.01807670
3.690000,-0.01014350
3.695000,0.02251352
3.700000,-0.00375004
3.705000,0.02524244
3.710000,0.02814950
3.715000,0.04180935
3.720000,-0.02788825
3.725000,-0.00713094
3.730000,-0.00245158
3.735000,0.04133791
3.740000,0.04321674
3.745000,0.01772525
3.750000,-0.00290334
3.755000,0.00555840
3.760000,0.01147138
3.765000,-0.00485827
3.770000,-0.03069612
3.775000,0.00502602
3.780000,-0.00154950
3.785000,-0.00386577
3.790000,-0.01692736
3.795000,0.01578383
3.800000,0.04069467
3.805000,0.01458160
3.810000,0.01148232
3.815000,-0.01130406
3.820000,0.03177818
3.825000,0.04023556
3.830000,0.03134387
3.835000,0.02134623
3.840000,0.03230317
3.845000,0.02430895
3.850000,0.05842377
3.855000,0.03338965
3.860000,0.00195200
3.865000,0.03359589
3.870000,0.02109604
3.875000,0.05222384
3.880000,0.06949356
3.885000,0.03358667
3.890000,0.01642121
3.895000,0.01531226
3.900000,0.00796687
3.905000,0.01319307
3.910000,-0.00314710
3.915000,-0.00646312
3.920000,0.01587698
3.925000,0.04520884
3.930000,0.02372260
3.935000,0.01603961
3.940000,0.01110891
3.945000,-0.02223560
3.950000,-0.00069324
3.955000,0.01143422
3.960000,0.02214611
3.965000,0.01767703
3.970000,0.03631392
3.975000,0.05640108
3.980000,0.08023526
3.985000,0.07186526
3.990000,0.07575616
3.995000,0.06204017
4.000000,0.05021865
4.005000,0.06927034
4.010000,0.06579889
4.015000,0.05747409
4.020000,0.06707762
4.025000,0.07769132
4.030000,0.05455517
4.035000,0.03467772
4.040000,0.04736488
4.045000,0.05523429
4.050000,0.04556456
4.055000,0.06912473
4.060000,0.06145359
4.065000,0.01110512
4.070000,-0.01076051
4.075000,-0.04752558
4.080000,-0.02131434
4.085000,-0.01077623
4.090000,-0.00947702
4.095000,-0.06508615
4.100000,-0.09870777
4.105000,-0.09961914
4.110000,-0.13817648
4.115000,-0.11108735
4.120000,-0.10895520
4.125000,-0.10742980
4.130000,-0.10371535
4.135000,-0.12054635
4.140000,-0.13857937
4.145000,-0.17556992
4.150000,-0.16572059
4.155000,-0.14677214
4.160000,-0.14317765
4.165000,-0.14041918
4.170000,-0.15283823
4.175000,-0.13661137
4.180000,-0.18394134
4.185000,-0.19765985
4.190000,-0.20000000
4.195000,-0.19830861
4.200000,-0.17926748
4.205000,-0.17019008
4.210000,-0.15303697
4.215000,-0.11079747
4.220000,-0.06709098
4.225000,-0.04205751
4.230000,-0.00410896
4.235000,0.04336025
4.240000,0.05677939
4.245000,0.02773624
4.250000,0.05552487
4.255000,0.03500037
4.260000,0.08164786
4.265000,0.12288982
4.270000,0.10948175
4.275000,0.08232558
4.280000,0.06528315
4.285000,0.06307039
4.290000,0.09211714
4.295000,0.06081718
4.300000,0.07989543
4.305000,0.02889007
4.310000,0.05640995
4.315000,0.05289875
4.320000,0.05545213
4.325000,0.05057489
4.330000,0.07010273
4.335000,0.07551696
4.340000,0.11133047
4.345000,0.06445260
4.350000,0.03945777
4.355000,0.00497931
4.360000,0.02011570
4.365000,-0.02153871
4.370000,0.03486516
4.375000,0.03451033
4.380000,0.06058646
4.385000,0.03439942
4.390000,0.03632040
4.395000,0.04816354
4.400000,0.02837715
4.405000,0.02049632
4.410000,0.05471701
4.415000,0.08083412
4.420000,0.08975316
4.425000,0.13073187
4.430000,0.07822430
4.435000,0.07977673
4.440000,0.06539929
4.445000,0.09370777
4.450000,0.11350438
4.455000,0.13375871
4.460000,0.11165260
4.465000,0.11723163
4.470000,0.13454397
4.475000,0.15606387
4.480000,0.12444606
4.485000,0.09943591
4.490000,0.09695443
4.495000,0.12140655
4.500000,0.12671832
4.505000,0.14936060
4.510000,0.09306317
4.515000,0.07806958
4.520000,0.08168919
4.525000,0.07985412
4.530000,0.02754910
4.535000,0.04735867
4.540000,0.04894810
4.545000,0.03162111
4.550000,0.05405563
4.555000,0.00729689
4.560000,-0.00903771
4.565000,0.00818929
4.570000,0.01316462
4.575000,0.00411407
4.580000,-0.00272886
4.585000,-0.01095441
4.590000,0.00713579
4.595000,-0.00265240
4.600000,0.01109541
4.605000,-0.04021759
4.610000,-0.01177667
4.615000,0.04424098
4.620000,0.05281139
4.625000,0.04729385
4.630000,0.03142882
4.635000,0.04504582
4.640000,0.02655943
4.645000,0.00481988
4.650000,-0.04669427
4.655000,-0.04057014
4.660000,-0.04685987
4.665000,-0.05135189
4.670000,-0.04992373
4.675000,-0.06479465
4.680000,-0.05787219
4.685000,-0.08058561
4.690000,-0.07958642
4.695000,-0.08218999
4.700000,-0.11779009
4.705000,-0.14009455
4.710000,-0.14662234
4.715000,-0.15172454
4.720000,-0.13693369
4.725000,-0.13781060
4.730000,-0.13000026
4.735000,-0.13051317
4.740000,-0.18175987
4.745000,-0.17298752
4.750000,-0.18091894
4.755000,-0.17217031
4.760000,-0.17754578
4.765000,-0.14908583
4.770000,-0.13780867
4.775000,-0.10909937
4.780000,-0.07963399
4.785000,-0.08282308
4.790000,-0.05361087
4.795000,-0.03931696
4.800000,-0.05585385
4.805000,-0.04990010
4.810000,-0.03938873
4.815000,-0.00190640
4.820000,-0.00393851
4.825000,0.03873228
4.830000,0.06071657
4.835000,0.01391954
4.840000,-0.00628156
4.845000,0.01200220
4.850000,-0.01839495
4.855000,-0.00263274
4.860000,0.03362592
4.865000,0.02967603
4.870000,0.06482051
4.875000,0.09638302
4.880000,0.09404051
4.885000,0.09186300
4.890000,0.09436668
4.895000,0.10255209
4.900000,0.06317526
4.905000,0.05801104
4.910000,0.01706491
4.915000,0.00862211
4.920000,0.00343848
4.925000,-0.03892561
4.930000,-0.06663482
4.935000,-0.07281049
4.940000,-0.01857377
4.945000,-0.04917783
4.950000,-0.04314280
4.955000,-0.06098788
4.960000,-0.06585040
4.965000,-0.03847722
4.970000,-0.02774790
4.975000,-0.01463907
4.980000,-0.00051437
4.985000,0.01509041
4.990000,-0.03402852
4.995000,-0.02171152
5.000000,-0.02081723
5.005000,-0.00863036
5.010000,0.01338306
5.015000,0.02467211
5.020000,0.04185094
5.025000,0.01464534
5.030000,0.02620775
5.035000,0.02420287
5.040000,0.02269301
5.045000,0.05359583
5.050000,0.04133676
5.055000,0.02519132
5.060000,-0.00560799
5.065000,-0.01145112
5.070000,0.01496261
5.075000,-0.02367984
5.080000,-0.01593412
5.085000,-0.07353710
5.090000,-0.08569093
5.095000,-0.07068386
5.100000,-0.07878740
5.105000,-0.10186037
5.110000,-0.10425839
5.115000,-0.07446220
5.120000,-0.03373840
5.125000,0.00606080
5.130000,0.02490710
5.135000,0.03536119
5.140000,0.05985180
5.145000,0.03302978
5.150000,0.01133773
5.155000,0.04322922
5.160000,0.06360556
5.165000,0.08342921
5.170000,0.08692721
5.175000,0.06546613
5.180000,0.03855653
5.185000,0.05971859
5.190000,0.08334569
5.195000,0.05430988
5.200000,0.03507245
5.205000,0.03136061
5.210000,0.05062895
5.215000,0.04067680
5.220000,0.01903833
5.225000,0.04127104
5.230000,0.05351328
5.235000,0.03499498
5.240000,0.01791889
5.245000,0.04290044
5.250000,0.01099412
5.255000,0.00340536
5.260000,0.01355652
5.265000,0.01674040
5.270000,0.03775949
5.275000,-0.00380352
5.280000,-0.00332947
5.285000,0.00387974
5.290000,0.01167529
5.295000,0.02493668
5.300000,-0.00309225
5.305000,0.03109637
5.310000,0.04085032
5.315000,0.05267985
5.320000,0.03735135
5.325000,0.04024019
5.330000,0.06987849
5.335000,0.06681035
5.340000,0.06862616
5.345000,0.07307020
5.350000,0.03156585
5.355000,0.02571646
5.360000,0.04037335
5.365000,0.02684362
5.370000,0.02427174
5.375000,0.02205574
5.380000,-0.01624409
5.385000,0.00280332
5.390000,-0.02921870
5.395000,-0.01829954
5.400000,-0.02060369
5.405000,-0.02750772
5.410000,-0.02442896
5.415000,-0.00521041
5.420000,0.01481804
5.425000,0.00503160
5.430000,0.00184767
5.435000,-0.01744299
5.440000,-0.05002797
5.445000,-0.02476203
5.450000,-0.04818853
5.455000,-0.06210730
5.460000,-0.04918915
5.465000,-0.07695434
5.470000,-0.06067573
5.475000,-0.07574249
5.480000,-0.09687559
5.485000,-0.10393499
5.490000,-0.11674078
5.495000,-0.10328765
5.500000,-0.06234731
5.505000,-0.04014601
5.510000,-0.02360303
5.515000,-0.03297700
5.520000,-0.03327834
5.525000,-0.02577415
5.530000,-0.02251024
5.535000,-0.01471856
5.540000,-0.03879075
5.545000,0.00731136
5.550000,-0.02115773
5.555000,-0.02091470
5.560000,0.00202125
5.565000,-0.01281939
5.570000,0.01480777
5.575000,-0.01633515
5.580000,-0.03082063
5.585000,-0.08242876
5.590000,-0.05280669
5.595000,-0.07628950
5.600000,-0.08705994
5.605000,-0.06315024
5.610000,-0.04988229
5.615000,-0.02020306
5.620000,-0.00141121
5.625000,0.02226787
5.630000,0.01276862
5.635000,0.01265411
5.640000,0.03166476
5.645000,0.05009326
5.650000,0.07210577
5.655000,0.05292486
5.660000,0.02641843
5.665000,-0.00301441
5.670000,-0.01313932
5.675000,-0.01417010
5.680000,-0.04069396
5.685000,-0.04253229
5.690000,-0.02508590
5.695000,0.00017681
5.700000,-0.01238113
5.705000,0.00254356
5.710000,-0.02627073
5.715000,-0.03958705
5.720000,-0.03437897
5.725000,-0.04687057
5.730000,-0.06190507
5.735000,-0.05172427
5.740000,-0.07124433
5.745000,-0.06408763
5.750000,-0.06212296
5.755000,-0.04567387
5.760000,-0.02397460
5.765000,-0.01760591
5.770000,-0.02625944
5.775000,0.00059317
5.780000,0.00740320
5.785000,-0.01137021
5.790000,-0.00490621
5.795000,-0.01711832
5.800000,-0.07368865
5.805000,-0.09141790
5.810000,-0.09468511
5.815000,-0.09942337
5.820000,-0.12901363
5.825000,-0.12938181
5.830000,-0.11121489
5.835000,-0.13009665
5.840000,-0.11531719
5.845000,-0.15425982
5.850000,-0.13220550
5.855000,-0.13573707
5.860000,-0.15699082
5.865000,-0.11986834
5.870000,-0.09895153
5.875000,-0.06737003
5.880000,-0.05192192
5.885000,-0.03627586
5.890000,-0.03845160
5.895000,-0.02186135
5.900000,-0.01790002
5.905000,-0.02727397
5.910000,-0.02596810
5.915000,-0.05025288
5.920000,-0.04455539
5.925000,-0.02825404
5.930000,-0.02002495
5.935000,-0.00190361
5.940000,-0.00512999
5.945000,-0.00042131
5.950000,0.00381293
5.955000,0.05200339
5.960000,0.02283671
5.965000,0.07179968
5.970000,0.05462709
5.975000,0.04688792
5.980000,0.05342923
5.985000,0.06648251
5.990000,0.06464772
5.995000,0.06838109
6.000000,0.09891528
6.005000,0.15605465
6.010000,0.15971229
6.015000,0.16933290
6.020000,0.15956226
6.025000,0.19047273
6.030000,0.17854447
6.035000,0.18096635
6.040000,0.14677091
6.045000,0.07599644
6.050000,0.12202962
6.055000,0.13836905
6.060000,0.15040276
6.065000,0.11888536
6.070000,0.07214767
6.075000,0.05937143
6.080000,0.05538257
6.085000,0.06564160
6.090000,0.05915514
6.095000,0.08239339
6.100000,0.08318640
6.105000,0.08306866
6.110000,0.10269831
6.115000,0.07916454
6.120000,0.08084569
6.125000,0.06070037
6.130000,0.03857000
6.135000,0.06803874
6.140000,0.08680171
6.145000,0.09198402
6.150000,0.11483489
6.155000,0.11513829
6.160000,0.13793816
6.165000,0.10881843
6.170000,0.09684680
6.175000,0.09752074
6.180000,0.06598240
6.185000,0.04339913
6.190000,0.00862590
6.195000,0.01978743
6.200000,0.00441409
6.205000,0.00682803
6.210000,0.01532574
6.215000,0.00797015
6.220000,0.00529393
6.225000,0.00558493
6.230000,0.01273589
6.235000,0.04099676
6.240000,0.01191034
6.245000,0.01147210
6.250000,-0.01856750
6.255000,0.01384425
6.260000,-0.03045964
6.265000,-0.02682274
6.270000,-0.03651761
6.275000,-0.04923734
6.280000,-0.03146942
6.285000,-0.01832662
6.290000,-0.03981941
6.295000,-0.02757539
6.300000,-0.01964275
6.305000,-0.03569791
6.310000,-0.06743549
6.315000,-0.04590372
6.320000,-0.02715581
6.325000,-0.01305541
6.330000,-0.02352014
6.335000,0.00654874
6.340000,0.08691905
6.345000,0.08843688
6.350000,0.09807728
6.355000,0.07589524
6.360000,0.05443611
6.365000,0.09273011
6.370000,0.14129800
6.375000,0.12946538
6.380000,0.10818733
6.385000,0.08118737
6.390000,0.06213966
6.395000,0.05898952
6.400000,0.02577204
6.405000,0.00621255
6.410000,0.02580647
6.415000,0.01892636
6.420000,-0.00190122
6.425000,-0.03097849
6.430000,-0.00675744
6.435000,-0.03236974
6.440000,-0.03586114
6.445000,-0.01245039
6.450000,-0.00042360
6.455000,0.00550633
6.460000,0.01150981
6.465000,-0.01167400
6.470000,-0.02864067
6.475000,-0.03889383
6.480000,-0.10450326
6.485000,-0.11030212
6.490000,-0.10808010
6.495000,-0.10512563
6.500000,-0.10282219
6.505000,-0.09263235
6.510000,-0.08097728
6.515000,-0.03775504
6.520000,-0.03039580
6.525000,-0.00702567
6.530000,-0.01822139
6.535000,-0.00761970
6.540000,0.00173528
6.545000,-0.00138507
6.550000,-0.03895086
6.555000,-0.06664831
6.560000,-0.05139935
6.565000,-0.04822415
6.570000,-0.04959288
6.575000,-0.06088468
6.580000,-0.05373170
6.585000,-0.03547242
6.590000,0.01220347
6.595000,0.01442462
6.600000,0.01267277
6.605000,0.02128795
6.610000,0.05027803
6.615000,0.10464585
6.620000,0.11591545
6.625000,0.07971116
6.630000,0.07862080
6.635000,0.05021622
6.640000,0.02667014
6.645000,0.06861523
6.650000,0.05854975
6.655000,0.04012662
6.660000,0.07097887
6.665000,0.07040575
6.670000,0.04142534
6.675000,0.04127402
6.680000,0.00711535
6.685000,-0.01321730
6.690000,-0.00822457
6.695000,-0.06713973
6.700000,-0.04739822
6.705000,-0.03882880
6.710000,-0.01662404
6.715000,-0.02383267
6.720000,-0.01165032
6.725000,-0.03272705
6.730000,-0.05139160
6.735000,-0.04519821
6.740000,-0.04080073
6.745000,-0.03724848
6.750000,-0.00190045
6.755000,-0.00576390
6.760000,0.00740639
6.765000,0.01760329
6.770000,0.02300840
6.775000,0.03405842
6.780000,-0.00555315
6.785000,-0.01622250
6.790000,0.01227617
6.795000,0.00708501
6.800000,0.02521600
6.805000,0.03732255
6.810000,-0.03332150
6.815000,-0.06082776
6.820000,-0.07205367
6.825000,-0.08297296
6.830000,-0.08778560
6.835000,-0.09173336
6.840000,-0.10419879
6.845000,-0.11243160
6.850000,-0.15014223
6.855000,-0.09505121
6.860000,-0.05452335
6.865000,-0.02741355
6.870000,-0.02375657
6.875000,-0.03966417
6.880000,0.02327396
6.885000,0.00469711
6.890000,0.04210788
6.895000,0.05165350
6.900000,0.03197058
6.905000,0.01495960
6.910000,0.00765477
6.915000,-0.00428782
6.920000,-0.03435317
6.925000,-0.02027520
6.930000,-0.03810477
6.935000,-0.01589101
6.940000,-0.01649969
6.945000,-0.00959141
6.950000,-0.00358591
6.955000,-0.00963798
6.960000,-0.00872111
6.965000,-0.00154000
6.970000,0.05534244
6.975000,0.02578421
6.980000,0.01073981
6.985000,0.00350121
6.990000,-0.02396035
6.995000,-0.05218784
7.000000,-0.08443967
7.005000,-0.08049721
7.010000,-0.08766220
7.015000,-0.07787650
7.020000,-0.10561747
7.025000,-0.11954674
7.030000,-0.09046148
7.035000,-0.06595634
7.040000,-0.09631034
7.045000,-0.06958565
7.050000,-0.07591007
7.055000,-0.09501761
7.060000,-0.07035452
7.065000,-0.04249830
7.070000,-0.09504591
7.075000,-0.06712084
7.080000,-0.07211140
7.085000,-0.07752699
7.090000,-0.07921108
7.095000,-0.04705878
7.100000,-0.01179666
7.105000,0.00032021
7.110000,0.02204989
7.115000,0.07417217
7.120000,0.07363542
7.125000,0.04937475
7.130000,0.06157082
7.135000,0.07717957
7.140000,0.07172145
7.145000,0.06532380
7.150000,0.11351286
7.155000,0.10337147
7.160000,0.07833983
7.165000,0.01206201
7.170000,0.02999521
7.175000,0.05786370
7.180000,0.02750412
7.185000,0.03914338
7.190000,0.02878878
7.195000,0.02824975
7.200000,0.01243300
7.205000,0.01072297
7.210000,0.02961937
7.215000,0.01571162
7.220000,-0.00161268
7.225000,-0.02595446
7.230000,0.00061310
7.235000,-0.01946008
7.240000,-0.00466472
7.245000,-0.03392566
7.250000,-0.08269541
7.255000,-0.09271578
7.260000,-0.08340953
7.265000,-0.05426282
7.270000,-0.03267547
7.275000,-0.02282879
7.280000,-0.07898676
7.285000,-0.06347650
7.290000,-0.09406864
7.295000,-0.10506464
7.300000,-0.05732020
7.305000,-0.02944745
7.310000,-0.05111552
7.315000,-0.05481682
7.320000,-0.03181431
7.325000,-0.03140770
7.330000,-0.03261084
7.335000,-0.05492006
7.340000,-0.03760681
7.345000,-0.01777244
7.350000,-0.03293939
7.355000,-0.07628626
7.360000,-0.02840364
7.365000,-0.04076076
7.370000,-0.02653836
7.375000,-0.04252118
7.380000,-0.05533525
7.385000,-0.02788758
7.390000,-0.03115020
7.395000,-0.00890203
7.400000,0.01301737
7.405000,0.00345500
7.410000,0.01294797
7.415000,0.03316111
7.420000,0.06336943
7.425000,0.05696831
7.430000,0.05697727
7.435000,0.03457646
7.440000,0.05297456
7.445000,0.05461881
7.450000,0.02253040
7.455000,0.01444646
7.460000,0.01209531
7.465000,-0.00125710
7.470000,-0.01715606
7.475000,-0.05373709
7.480000,-0.04838123
7.485000,-0.05519216
7.490000,-0.03026951
7.495000,-0.02991148
7.500000,-0.00749939
7.505000,-0.03325391
7.510000,-0.02136370
7.515000,-0.00168346
7.520000,0.01764485
7.525000,0.01246465
7.530000,-0.00682644
7.535000,0.03414808
7.540000,0.03012521
7.545000,0.00285388
7.550000,-0.00055602
7.555000,0.00876548
7.560000,-0.00652150
7.565000,0.00496675
7.570000,0.02738741
7.575000,0.02701223
7.580000,0.05116029
7.585000,0.04799624
7.590000,0.03656818
7.595000,0.07330089
7.600000,0.08627975
7.605000,0.08639470
7.610000,0.04177214
7.615000,0.00837879
7.620000,-0.03048497
7.625000,-0.02992210
7.630000,-0.02889716
7.635000,-0.01739562
7.640000,0.00828630
7.645000,-0.02659488
7.650000,-0.05591416
7.655000,-0.07393512
7.660000,-0.05902616
7.665000,-0.04830651
7.670000,-0.06874599
7.675000,-0.08038478
7.680000,-0.06610912
7.685000,-0.05939656
7.690000,-0.03067044
7.695000,-0.04553217
7.700000,-0.04405029
7.705000,-0.06243726
7.710000,-0.03011718
7.715000,-0.00181786
7.720000,0.01285029
7.725000,0.03823484
7.730000,0.07192372
7.735000,0.10590694
7.740000,0.14392517
7.745000,0.12382572
7.750000,0.10210629
7.755000,0.12936795
7.760000,0.11542424
7.765000,0.07034940
7.770000,0.05727260
7.775000,0.07895304
7.780000,0.06506972
7.785000,0.08022372
7.790000,0.08399846
7.795000,0.04899672
7.800000,0.05709778
7.805000,0.05457254
7.810000,0.03905680
7.815000,0.00352443
7.820000,0.04013873
7.825000,0.01683367
7.830000,-0.03185929
7.835000,-0.01150453
7.840000,-0.02156822
7.845000,0.00703866
7.850000,0.00460747
7.855000,0.00444965
7.860000,0.01843245
7.865000,0.02097731
7.870000,0.02335028
7.875000,0.04829962
7.880000,0.02589064
7.885000,0.03836561
7.890000,0.04408476
7.895000,0.00533886
7.900000,0.03143501
7.905000,0.04865773
7.910000,0.08316244
7.915000,0.07013106
7.920000,0.04191081
7.925000,0.11206960
7.930000,0.08393947
7.935000,0.06185108
7.940000,0.07194914
7.945000,0.05849756
7.950000,0.06521356
7.955000,0.03098696
7.960000,-0.01069879
7.965000,-0.02379488
7.970000,-0.00760792
7.975000,-0.00832750
7.980000,0.01987351
7.985000,0.01304573
7.990000,0.01707500
7.995000,-0.00461164
8.000000,-0.03833384
8.005000,-0.06482555
8.010000,-0.08024922
8.015000,-0.03023978
8.020000,-0.05779798
8.025000,-0.07466700
8.030000,-0.03798418
8.035000,-0.05002818
8.040000,-0.03213157
8.045000,-0.08178580
8.050000,-0.09885174
8.055000,-0.08029734
8.060000,-0.11382521
8.065000,-0.10190882
8.070000,-0.09349156
8.075000,-0.09908623
8.080000,-0.09750409
8.085000,-0.07284546
8.090000,-0.06664255
8.095000,-0.03634979
8.100000,-0.01190920
8.105000,0.02925998
8.110000,0.02280976
8.115000,0.03019456
8.120000,0.00842915
8.125000,0.02640487
8.130000,0.01241409
8.135000,0.02980543
8.140000,0.02544509
8.145000,0.02356743
8.150000,0.03095268
8.155000,0.01517593
8.160000,0.00154629
8.165000,-0.01058856
8.170000,-0.02040349
8.175000,-0.00266440
8.180000,-0.00922106
8.185000,-0.01991256
8.190000,0.00239788
8.195000,0.02081173
8.200000,0.01861265
8.205000,0.07761627
8.210000,0.05216297
8.215000,0.08941955
8.220000,0.09348372
8.225000,0.11449508
8.230000,0.10382471
8.235000,0.12750864
8.240000,0.09960012
8.245000,0.11408476
8.250000,0.11516122
8.255000,0.13090032
8.260000,0.11335492
8.265000,0.11736313
8.270000,0.09278466
8.275000,0.07886025
8.280000,0.06793420
8.285000,0.04899443
8.290000,0.03345564
8.295000,0.00144982
8.300000,-0.00353965
8.305000,0.02869627
8.310000,0.09239169
8.315000,0.06774831
8.320000,0.04577530
8.325000,0.05015050
8.330000,0.05825462
8.335000,0.02417417
8.340000,-0.03225591
8.345000,-0.02644091
8.350000,0.00463079
8.355000,0.03676929
8.360000,0.03439038
8.365000,0.06482679
8.370000,0.05762735
8.375000,0.02191615
8.380000,0.01706129
8.385000,0.03979158
8.390000,0.04057330
8.395000,0.02504020
8.400000,0.02461014
8.405000,0.03085302
8.410000,0.03228359
8.415000,0.03753339
8.420000,0.04434204
8.425000,0.06703306
8.430000,0.06693008
8.435000,0.06007017
8.440000,0.06531494
8.445000,0.07572188
8.450000,0.03107340
8.455000,0.05560263
8.460000,0.09209271
8.465000,0.08804244
8.470000,0.09773889
8.475000,0.07526853
8.480000,0.08651400
8.485000,0.06160802
8.490000,0.06167030
8.495000,0.07095401
8.500000,0.04799498
8.505000,0.01836944
8.510000,0.00776873
8.515000,-0.00739323
8.520000,-0.01615796
8.525000,-0.04251694
8.530000,-0.01654978
8.535000,-0.02294297
8.540000,-0.01223101
8.545000,-0.05009567
8.550000,-0.06201157
8.555000,-0.02209832
8.560000,-0.04127187
8.565000,-0.03236534
8.570000,0.01864506
8.575000,0.01889059
8.580000,0.05435068
8.585000,0.03221067
8.590000,0.02053973
8.595000,0.01903399
8.600000,0.00631209
8.605000,0.01473320
8.610000,-0.02671465
8.615000,-0.04982241
8.620000,-0.01643995
8.625000,-0.01195375
8.630000,0.00104241
8.635000,0.04154866
8.640000,0.00027899
8.645000,-0.06853636
8.650000,-0.02336091
8.655000,-0.05319121
8.660000,-0.04785535
8.665000,-0.08250408
8.670000,-0.13742156
8.675000,-0.13194965
8.680000,-0.11354259
8.685000,-0.12564757
8.690000,-0.17710959
8.695000,-0.15962431
8.700000,-0.10505252
8.705000,-0.13712255
8.710000,-0.10939382
8.715000,-0.09384982
8.720000,-0.12852240
8.725000,-0.09478541
8.730000,-0.08144376
8.735000,-0.07613860
8.740000,-0.03779909
8.745000,-0.03005400
8.750000,0.00645356
8.755000,0.07278164
8.760000,0.08002360
8.765000,0.09178567
8.770000,0.07895264
8.775000,0.11546859
8.780000,0.08549935
8.785000,0.07296973
8.790000,0.07123181
8.795000,0.06642877
8.800000,0.04908554
8.805000,0.06937637
8.810000,0.06088542
8.815000,0.00936691
8.820000,0.03718230
8.825000,0.07726319
8.830000,0.06210428
8.835000,0.09213352
8.840000,0.07654706
8.845000,0.05051205
8.850000,0.02697226
8.855000,0.06415588
8.860000,0.09357905
8.865000,0.10597844
8.870000,0.07769950
8.875000,0.09264279
8.880000,0.06271719
8.885000,0.07381741
8.890000,0.05700466
8.895000,0.04017484
8.900000,0.02505288
8.905000,-0.02573894
8.910000,-0.06704030
8.915000,-0.06888642
8.920000,-0.09189426
8.925000,-0.06922211
8.930000,-0.03873123
8.935000,-0.07309462
8.940000,-0.10469693
8.945000,-0.10344089
8.950000,-0.05233124
8.955000,-0.06682157
8.960000,-0.05053183
8.965000,-0.08504356
8.970000,-0.10072400
8.975000,-0.08301438
8.980000,-0.08274552
8.985000,-0.06494301
8.990000,-0.05645381
8.995000,-0.05143805
9.000000,-0.04705714
9.005000,-0.00989015
9.010000,-0.00778786
9.015000,0.01578125
9.020000,0.01191397
9.025000,0.01635655
9.030000,-0.00682736
9.035000,-0.05330222
9.040000,-0.05891072
9.045000,-0.05202246
9.050000,-0.05878473
9.055000,-0.04134542
9.060000,-0.05592421
9.065000,-0.08383685
9.070000,-0.11249770
9.075000,-0.09005353
9.080000,-0.10295274
9.085000,-0.09568193
9.090000,-0.12178301
9.095000,-0.13400497
9.100000,-0.12579358
9.105000,-0.09192927
9.110000,-0.10945924
9.115000,-0.13524964
9.120000,-0.12625990
9.125000,-0.11353443
9.130000,-0.11489511
9.135000,-0.07740521
9.140000,-0.11002916
9.145000,-0.12047135
9.150000,-0.11112774
9.155000,-0.12255431
9.160000,-0.10508028
9.165000,-0.09591175
9.170000,-0.09299689
9.175000,-0.02791033
9.180000,-0.04499801
9.185000,-0.04459511
9.190000,-0.02676645
9.195000,-0.03885062
9.200000,-0.02988892
9.205000,-0.00459433
9.210000,0.00460371
9.215000,0.02550080
9.220000,0.01913896
9.225000,0.01535284
9.230000,0.06255487
9.235000,0.07374018
9.240000,0.09561345
9.245000,0.07828793
9.250000,0.07132129
9.255000,0.09660334
9.260000,0.09546462
9.265000,0.06271050
9.270000,0.03887705
9.275000,0.03521086
9.280000,0.06987923
9.285000,0.07885032
9.290000,0.05689308
9.295000,0.05299801
9.300000,0.05103653
9.305000,0.00834632
9.310000,0.00561072
9.315000,-0.00438328
9.320000,-0.00925697
9.325000,-0.03126900
9.330000,-0.02258634
9.335000,-0.03250685
9.340000,-0.05032924
9.345000,-0.00581092
9.350000,-0.01494720
9.355000,-0.04689258
9.360000,-0.01697878
9.365000,0.01642681
9.370000,-0.00705552
9.375000,-0.01725316
9.380000,-0.02109760
9.385000,-0.02998791
9.390000,-0.06147738
9.395000,-0.08451721
9.400000,-0.03112449
9.405000,-0.04388689
9.410000,-0.05428718
9.415000,-0.03363229
9.420000,-0.04300562
9.425000,-0.05642256
9.430000,-0.07806638
9.435000,-0.06178799
9.440000,-0.05363782
9.445000,-0.02423048
9.450000,-0.03209500
9.455000,0.00078480
9.460000,0.00546724
9.465000,-0.00612150
9.470000,0.00574073
9.475000,0.01449352
9.480000,0.02112343
9.485000,0.00324474
9.490000,0.00121199
9.495000,-0.00305626
9.500000,0.01449469
9.505000,0.04423855
9.510000,0.06212212
9.515000,0.07711777
9.520000,0.09962515
9.525000,0.12395832
9.530000,0.10902147
9.535000,0.07605339
9.540000,0.07504346
9.545000,0.10543823
9.550000,0.06978063
9.555000,0.04214027
9.560000,0.03929933
9.565000,0.02213195
9.570000,0.04182698
9.575000,0.03939824
9.580000,0.05490420
9.585000,0.05709200
9.590000,0.06161359
9.595000,0.02881833
9.600000,0.00965150
9.605000,-0.03958834
9.610000,-0.05886252
9.615000,-0.07188603
9.620000,-0.06322266
9.625000,-0.08948732
9.630000,-0.04590080
9.635000,-0.01664307
9.640000,-0.04067497
9.645000,-0.08292057
9.650000,-0.11778482
9.655000,-0.10629518
9.660000,-0.13096093
9.665000,-0.13216813
9.670000,-0.11294113
9.675000,-0.09804429
9.680000,-0.07536802
9.685000,-0.10067765
9.690000,-0.07930338
9.695000,-0.05777078
9.700000,-0.03089369
9.705000,-0.00790257
9.710000,-0.03502313
9.715000,-0.08852891
9.720000,-0.07428579
9.725000,-0.03160803
9.730000,-0.04588856
9.735000,-0.05992925
9.740000,-0.05105589
9.745000,-0.02122971
9.750000,-0.00068629
9.755000,-0.02588919
9.760000,-0.03277560
9.765000,-0.04246397
9.770000,-0.02519786
9.775000,-0.00434108
9.780000,-0.02267411
9.785000,-0.03872977
9.790000,-0.02852274
9.795000,-0.03054069
9.800000,-0.04541007
9.805000,-0.05229220
9.810000,-0.03417660
9.815000,-0.03906651
9.820000,-0.03835860
9.825000,-0.05297898
9.830000,-0.03497596
9.835000,-0.04366873
9.840000,-0.03374337
9.845000,-0.02636528
9.850000,-0.03236417
9.855000,-0.04863008
9.860000,-0.04654264
9.865000,-0.04988263
9.870000,-0.02215540
9.875000,-0.03901269
9.880000,-0.01770148
9.885000,0.01334125
9.890000,0.03025096
9.895000,0.04836238
9.900000,0.04224204
9.905000,0.05261645
9.910000,0.06255465
9.915000,0.02347410
9.920000,0.01574835
9.925000,-0.01243284
9.930000,-0.05488513
9.935000,-0.05255553
9.940000,-0.03931254
9.945000,-0.05220985
9.950000,-0.03681360
9.955000,-0.02058458
9.960000,-0.01598136
9.965000,-0.02533880
9.970000,-0.00697661
9.975000,0.03625229
9.980000,-0.01143616
9.985000,0.00757970
9.990000,-0.01823673
9.995000,0.00372268
10.000000,0.02834479
10.005000,0.01922362
10.010000,0.00969397
10.015000,0.01011814
10.020000,0.01373299
10.025000,0.00961773
10.030000,0.03697542
10.035000,-0.00014479
10.040000,-0.01103274
10.045000,0.00549736
10.050000,-0.00054341
10.055000,-0.00546913
10.060000,-0.01145740
10.065000,0.01213503
10.070000,0.02882532
10.075000,-0.00247743
10.080000,-0.02828017
10.085000,-0.03613670
10.090000,-0.03710380
10.095000,-0.01345425
10.100000,-0.01456355
10.105000,0.01807349
10.110000,0.06219051
10.115000,0.04052303
10.120000,0.04377509
10.125000,0.06689573
10.130000,0.07032370
10.135000,0.07599150
10.140000,0.06246317
10.145000,0.04701714
10.150000,0.04972092
10.155000,0.07074172
10.160000,0.04294420
10.165000,0.03731476
10.170000,0.07734158
10.175000,0.06906083
10.180000,0.06940293
10.185000,0.08440732
10.190000,0.09338782
10.195000,0.08475847
10.200000,0.07482292
10.205000,0.10592295
10.210000,0.07789216
10.215000,0.04115040
10.220000,0.06348515
10.225000,0.08849839
10.230000,0.06038801
10.235000,0.07647397
10.240000,0.07989475
10.245000,0.07205548
10.250000,0.06968100
10.255000,0.10810495
10.260000,0.11925703
10.265000,0.12621188
10.270000,0.13114435
10.275000,0.10953632
10.280000,0.09507337
10.285000,0.08509396
10.290000,0.05822927
10.295000,0.06535589
10.300000,0.08682783
10.305000,0.07834984
10.310000,0.05321773
10.315000,0.02974124
10.320000,0.06310529
10.325000,0.04425874
10.330000,0.01130657
10.335000,-0.02648110
10.340000,-0.03883529
10.345000,-0.01084395
10.350000,0.01725903
10.355000,0.02908601
10.360000,0.00943706
10.365000,0.02727069
10.370000,0.02071885
10.375000,0.03334594
10.380000,0.08232181
10.385000,0.07318438
10.390000,0.03767563
10.395000,0.08005366
10.400000,0.07243549
10.405000,0.06454300
10.410000,0.02276944
10.415000,0.03848881
10.420000,0.06092796
10.425000,0.06388502
10.430000,0.08636434
10.435000,0.07306714
10.440000,0.10106571
10.445000,0.11449084
10.450000,0.15041487
10.455000,0.10430485
10.460000,0.06950468
10.465000,0.08603392
10.470000,0.08994610
10.475000,0.06338402
10.480000,0.06151733
10.485000,0.07934005
10.490000,0.10148014
10.495000,0.10232825
10.500000,0.09905800
10.505000,0.10464483
10.510000,0.09781443
10.515000,0.13699553
10.520000,0.11982753
10.525000,0.11348845
10.530000,0.10240154
10.535000,0.13241893
10.540000,0.11238780
10.545000,0.12612537
10.550000,0.11719829
10.555000,0.09917109
10.560000,0.04347539
10.565000,0.03734949
10.570000,0.07233781
10.575000,0.05056526
10.580000,-0.02253760
10.585000,-0.01733746
10.590000,-0.04698948
10.595000,-0.08882771
10.600000,-0.09932693
10.605000,-0.12805013
10.610000,-0.09928432
10.615000,-0.09070669
10.620000,-0.07250621
10.625000,-0.08395617
10.630000,-0.08231126
10.635000,-0.09115093
10.640000,-0.08020818
10.645000,-0.12811646
10.650000,-0.12257443
10.655000,-0.09192009
10.660000,-0.04639350
10.665000,-0.02278792
10.670000,-0.01612993
10.675000,-0.05305056
10.680000,-0.04513726
10.685000,-0.08696711
10.690000,-0.10218028
10.695000,-0.10051126
10.700000,-0.10018398
10.705000,-0.07250897
10.710000,-0.07301503
10.715000,-0.09635392
10.720000,-0.10055167
10.725000,-0.11080812
10.730000,-0.07734816
10.735000,-0.10479933
10.740000,-0.10816526
10.745000,-0.07832724
10.750000,-0.09099949
10.755000,-0.07408352
10.760000,-0.06599743
10.765000,-0.06687747
10.770000,-0.10088224
10.775000,-0.09170404
10.780000,-0.09562647
10.785000,-0.08053291
10.790000,-0.10664060
10.795000,-0.08531178
10.800000,-0.06150822
10.805000,-0.02117842
10.810000,-0.02662421
10.815000,-0.03703127
10.820000,-0.00972353
10.825000,-0.02926387
10.830000,-0.04383490
10.835000,-0.04508585
10.840000,-0.06568031
10.845000,-0.02524270
10.850000,0.00244988
10.855000,-0.04441021
10.860000,-0.08896679
10.865000,-0.09680508
10.870000,-0.07727797
10.875000,-0.05405462
10.880000,-0.01460976
10.885000,-0.00305251
10.890000,-0.02380556
10.895000,-0.00908948
10.900000,-0.03198862
10.905000,-0.04662313
10.910000,-0.07878332
10.915000,-0.09318882
10.920000,-0.10040393
10.925000,-0.10600494
10.930000,-0.05629316
10.935000,-0.04749292
10.940000,-0.03315401
10.945000,-0.02389583
10.950000,0.01832585
10.955000,-0.00055354
10.960000,0.02086156
10.965000,0.00369048
10.970000,0.00370246
10.975000,0.01837657
10.980000,-0.01087256
10.985000,-0.01663095
10.990000,-0.01306653
10.995000,0.00197863
11.000000,-0.00068074
11.005000,0.06789409
11.010000,0.11173973
11.015000,0.05792895
11.020000,0.06002454
11.025000,0.07198152
11.030000,0.07825876
11.035000,0.10854900
11.040000,0.03786440
11.045000,0.01135548
11.050000,0.04703620
11.055000,0.07367287
11.060000,0.12420331
11.065000,0.15778658
11.070000,0.12088676
11.075000,0.13919811
11.080000,0.12562818
11.085000,0.12371638
11.090000,0.11800398
11.095000,0.10000430
11.100000,0.08160976
11.105000,0.09370134
11.110000,0.07436779
11.115000,0.07346057
11.120000,0.07886096
11.125000,0.06018429
11.130000,0.04799039
11.135000,0.06991805
11.140000,0.02433316
11.145000,0.00455228
11.150000,-0.02988547
11.155000,-0.02634957
11.160000,0.03559280
11.165000,0.00337838
11.170000,0.02994570
11.175000,0.06018085
11.180000,0.00601376
11.185000,-0.02747347
11.190000,-0.02858541
11.195000,-0.05200482
11.200000,-0.04463043
11.205000,-0.01174727
11.210000,0.00464739
11.215000,-0.00055228
11.220000,0.01240561
11.225000,0.01989909
11.230000,-0.01076488
11.235000,-0.02466114
11.240000,-0.01285679
11.245000,-0.01390253
11.250000,-0.00564845
11.255000,0.01567516
11.260000,-0.04121797
11.265000,-0.00460755
11.270000,-0.04855571
11.275000,-0.04581701
11.280000,-0.03966164
11.285000,-0.04056447
11.290000,-0.03345877
11.295000,-0.04405089
11.300000,-0.05805518
11.305000,-0.05672307
11.310000,-0.04877149
11.315000,-0.06112027
11.320000,-0.04929138
11.325000,-0.06550473
11.330000,-0.07450641
11.335000,-0.07489859
11.340000,-0.05901415
11.345000,-0.06131561
11.350000,-0.04698778
11.355000,-0.00455231
11.360000,-0.01261652
11.365000,0.02113631
11.370000,-0.00792813
11.375000,0.01003392
11.380000,0.00755286
11.385000,0.05890855
11.390000,0.04686372
11.395000,0.02739483
11.400000,0.05257933
11.405000,0.06159621
11.410000,0.06216743
11.415000,0.00413721
11.420000,0.01388479
11.425000,0.01145450
11.430000,0.01355727
11.435000,-0.00471687
11.440000,0.02644790
11.445000,0.02551662
11.450000,0.01909149
11.455000,-0.01792037
11.460000,-0.02173159
11.465000,-0.04629393
11.470000,-0.01222100
11.475000,-0.00550224
11.480000,-0.01898897
11.485000,-0.02204520
11.490000,0.01330291
11.495000,0.01666571
11.500000,0.01625061
11.505000,0.05954877
11.510000,0.06630950
11.515000,0.08508458
11.520000,0.07348367
11.525000,0.06136081
11.530000,0.07814512
11.535000,0.07324170
11.540000,0.07782288
11.545000,0.07211763
11.550000,0.06796070
11.555000,0.06068184
11.560000,0.02589402
11.565000,0.05366569
11.570000,0.03584339
11.575000,0.00466852
11.580000,0.00460314
11.585000,-0.01258480
11.590000,0.01588971
11.595000,0.02890201
11.600000,0.01273307
11.605000,-0.00977746
11.610000,0.00442405
11.615000,-0.01313216
11.620000,-0.04569725
11.625000,-0.08366569
11.630000,-0.06447738
11.635000,-0.09872790
11.640000,-0.12243922
11.645000,-0.10108442
11.650000,-0.07742073
11.655000,-0.10053843
11.660000,-0.10943556
11.665000,-0.08056577
11.670000,-0.07037848
11.675000,-0.07614653
11.680000,-0.06795795
11.685000,-0.05290110
11.690000,-0.07384569
11.695000,-0.09193714
11.700000,-0.05933090
11.705000,-0.01279415
11.710000,0.01213603
11.715000,0.01038881
11.720000,-0.00298789
11.725000,0.00126279
11.730000,0.02847247
11.735000,0.05937325
11.740000,0.05915536
11.745000,0.06823730
11.750000,0.03350157
11.755000,0.03040346
11.760000,0.06462595
11.765000,0.05989412
11.770000,0.06905677
11.775000,0.08793471
11.780000,0.10397096
11.785000,0.10222212
11.790000,0.08476773
11.795000,0.03019892
11.800000,0.00099417
11.805000,-0.00719178
11.810000,0.00900823
11.815000,0.01273627
11.820000,0.03833672
11.825000,0.00773263
11.830000,-0.03481605
11.835000,-0.02003876
11.840000,0.02194727
11.845000,0.02543827
11.850000,0.01136462
11.855000,0.03130763
11.860000,0.06269414
11.865000,0.03153889
11.870000,0.02179258
11.875000,0.04395694
11.880000,0.04746508
11.885000,0.02638857
11.890000,0.01770116
11.895000,-0.00433281
11.900000,-0.03894391
11.905000,-0.03068216
11.910000,-0.06006632
11.915000,-0.06070985
11.920000,-0.08010354
11.925000,-0.06659017
11.930000,-0.07176041
11.935000,-0.07422573
11.940000,-0.10632001
11.945000,-0.09555719
11.950000,-0.10057684
11.955000,-0.11355183
11.960000,-0.09740349
11.965000,-0.07022739
11.970000,-0.02577892
11.975000,-0.01769964
11.980000,-0.00905752
11.985000,-0.02808209
11.990000,-0.04028890
11.995000,-0.00919179
12.000000,-0.01677188
12.005000,0.02853778
12.010000,0.00117913
12.015000,-0.00004178
12.020000,-0.00203022
12.025000,-0.01509454
12.030000,-0.01918724
12.035000,-0.02046711
12.040000,-0.01332545
12.045000,-0.01237633
12.050000,0.01441454
12.055000,0.07356410
12.060000,0.09002931
12.065000,0.09755555
12.070000,0.07259064
12.075000,0.05847838
12.080000,0.01832905
12.085000,0.02953462
12.090000,-0.00458797
12.095000,0.01195825
12.100000,-0.00485756
12.105000,0.00441158
12.110000,0.01705021
12.115000,-0.02545699
12.120000,-0.04147026
12.125000,-0.03054528
12.130000,-0.01715417
12.135000,0.00307039
12.140000,-0.00325432
12.145000,-0.00369449
12.150000,0.03822369
12.155000,0.04272567
12.160000,0.06090813
12.165000,0.05380444
12.170000,0.01893583
12.175000,0.02949924
12.180000,0.04136536
12.185000,0.06155685
12.190000,0.03968333
12.195000,0.02283179
12.200000,-0.02577998
12.205000,-0.01187568
12.210000,0.00723238
12.215000,-0.00728733
12.220000,-0.01605632
12.225000,-0.01938533
12.230000,0.01742938
12.235000,0.03775417
12.240000,0.06234332
12.245000,0.05746890
12.250000,0.04606214
12.255000,0.06890841
12.260000,0.03018598
12.265000,0.04042459
12.270000,0.01056179
12.275000,0.02741752
12.280000,0.03757240
12.285000,0.01684590
12.290000,0.02102589
12.295000,-0.00434734
12.300000,-0.02682342
12.305000,-0.03407884
12.310000,-0.04881796
12.315000,-0.02490306
12.320000,0.02199407
12.325000,0.02213580
12.330000,0.02203428
12.335000,0.03802218
12.340000,0.03038927
12.345000,0.03948513
12.350000,-0.00188705
12.355000,-0.01625020
12.360000,-0.04811574
12.365000,-0.08645275
12.370000,-0.06191897
12.375000,-0.06474443
12.380000,-0.02739905
12.385000,0.00728757
12.390000,0.00731512
12.395000,-0.00020494
12.400000,-0.01463582
12.405000,-0.06414058
12.410000,-0.07128521
12.415000,-0.07242721
12.420000,-0.08169904
12.425000,-0.09663876
12.430000,-0.09212683
12.435000,-0.09346145
12.440000,-0.08388367
12.445000,-0.09797944
12.450000,-0.05134303
12.455000,-0.03437965
12.460000,-0.03273141
12.465000,-0.04412681
12.470000,-0.05893386
12.475000,-0.03661939
12.480000,-0.04001914
12.485000,-0.03378015
12.490000,-0.02027696
12.495000,-0.02712059
12.500000,-0.01726735
12.505000,-0.05146439
12.510000,-0.06587897
12.515000,-0.09955331
12.520000,-0.10047633
12.525000,-0.10146301
12.530000,-0.05755614
12.535000,-0.06722819
12.540000,-0.05753594
12.545000,-0.04266758
12.550000,-0.00848273
12.555000,0.00510004
12.560000,0.02382457
12.565000,0.06279847
12.570000,0.02967699
12.575000,0.01967413
12.580000,0.01388745
12.585000,0.01440998
12.590000,0.00331776
12.595000,0.02678007
12.600000,0.01523408
12.605000,0.00333019
12.610000,0.01410061
12.615000,0.00027066
12.620000,-0.01928668
12.625000,-0.04320881
12.630000,-0.04279778
12.635000,-0.01938275
12.640000,-0.00127021
12.645000,0.00921051
12.650000,0.01260755
12.655000,0.00239489
12.660000,0.00163986
12.665000,-0.02147331
12.670000,-0.01639752
12.675000,0.00513806
12.680000,-0.02588609
12.685000,0.00222253
12.690000,-0.03916617
12.695000,-0.05172759
12.700000,-0.06958797
12.705000,-0.07953652
12.710000,-0.08178979
12.715000,-0.05228936
12.720000,-0.06788517
12.725000,-0.08114642
12.730000,-0.09018091
12.735000,-0.09496119
12.740000,-0.10107414
12.745000,-0.12013760
12.750000,-0.10747469
12.755000,-0.10253914
12.760000,-0.07583344
12.765000,-0.04536336
12.770000,-0.06993648
12.775000,-0.03320206
12.780000,-0.01834831
12.785000,0.01032741
12.790000,0.01160389
12.795000,0.02676416
12.800000,0.03946278
12.805000,0.06630424
12.810000,0.05443665
12.815000,0.04284459
12.820000,0.03809946
12.825000,0.06387082
12.830000,0.09168081
12.835000,0.06794089
12.840000,0.07614040
12.845000,0.07305619
12.850000,0.06599584
12.855000,0.07358585
12.860000,0.10561605
12.865000,0.11222429
12.870000,0.09856787
12.875000,0.08194936
12.880000,0.08706903
12.885000,0.08726884
12.890000,0.10363835
12.895000,0.12415309
12.900000,0.12221004
12.905000,0.12674456
12.910000,0.15068194
12.915000,0.16641102
12.920000,0.14025084
12.925000,0.10498614
12.930000,0.07212063
12.935000,0.03325117
12.940000,0.03566159
12.945000,0.00779562
12.950000,0.01691905
12.955000,-0.00181193
12.960000,0.01309206
12.965000,0.02166587
12.970000,0.02132925
12.975000,0.02650482
12.980000,-0.00035590
12.985000,-0.04763208
12.990000,-0.05790419
12.995000,-0.04934340
13.000000,-0.07272562
13.005000,-0.05919743
13.010000,-0.04685903
13.015000,-0.04344104
13.020000,-0.03737204
13.025000,-0.03775763
13.030000,-0.03369683
13.035000,-0.05520358
13.040000,-0.03372176
13.045000,-0.02574566
13.050000,-0.01448103
13.055000,-0.02679615
13.060000,-0.05183420
13.065000,-0.02694274
13.070000,-0.05143917
13.075000,-0.05442125
13.080000,-0.05317807
13.085000,-0.04538598
13.090000,-0.03639053
13.095000,-0.03381900
13.100000,-0.05642958
13.105000,-0.05751403
13.110000,-0.05512502
13.115000,-0.04158201
13.120000,-0.03377888
13.125000,-0.01038878
13.130000,0.00685710
13.135000,-0.01400062
13.140000,-0.01046756
13.145000,-0.00053669
13.150000,-0.00773236
13.155000,0.02068136
13.160000,0.01175891
13.165000,-0.00993150
13.170000,-0.03928526
13.175000,-0.04460110
13.180000,-0.04952489
13.185000,-0.05260854
13.190000,-0.08733891
13.195000,-0.08184929
13.200000,-0.05655814
13.205000,-0.06315324
13.210000,-0.04773412
13.215000,-0.05392796
13.220000,-0.06328324
13.225000,-0.03473042
13.230000,-0.01788321
13.235000,0.00109488
13.240000,0.04416241
13.245000,0.04537637
13.250000,0.04597016
13.255000,0.04902732
13.260000,0.07386067
13.265000,0.08902836
13.270000,0.07193386
13.275000,0.05634167
13.280000,0.06145193
13.285000,0.06837626
13.290000,0.07416232
13.295000,0.08082743
13.300000,0.07445200
13.305000,0.08172471
13.310000,0.08895136
13.315000,0.06971685
13.320000,0.04492376
13.325000,0.04611917
13.330000,0.03636787
13.335000,0.00969029
13.340000,0.02117341
13.345000,0.02637059
13.350000,0.04763911
13.355000,0.04388546
13.360000,0.04236975
13.365000,0.01558756
13.370000,0.03730729
13.375000,0.04500931
13.380000,0.05695909
13.385000,0.04940325
13.390000,0.04520797
13.395000,0.04750933
13.400000,0.03174440
13.405000,0.01624825
13.410000,0.04705551
13.415000,0.04944698
13.420000,0.03471410
13.425000,0.00849310
13.430000,-0.01261866
13.435000,-0.00814146
13.440000,-0.02470825
13.445000,-0.04249836
13.450000,-0.04513044
13.455000,-0.03814040
13.460000,-0.01616914
13.465000,-0.02907865
13.470000,-0.03935019
13.475000,-0.03177835
13.480000,-0.03816406
13.485000,-0.02277614
13.490000,-0.02892847
13.495000,-0.04864329
13.500000,-0.05750299
13.505000,-0.07935201
13.510000,-0.08368372
13.515000,-0.07135426
13.520000,-0.06613909
13.525000,-0.06364007
13.530000,-0.07963280
13.535000,-0.08654276
13.540000,-0.08703336
13.545000,-0.07718871
13.550000,-0.03131656
13.555000,-0.03819544
13.560000,-0.01902119
13.565000,-0.03383651
13.570000,-0.04626009
13.575000,-0.07297126
13.580000,-0.07979726
13.585000,-0.05745042
13.590000,-0.05267072
13.595000,-0.02852478
13.600000,-0.03232664
13.605000,-0.01150175
13.610000,-0.01696908
13.615000,0.00021802
13.620000,0.02826994
13.625000,0.02596292
13.630000,0.00603903
13.635000,0.03629055
13.640000,0.02309841
13.645000,0.01493595
13.650000,0.01088627
13.655000,0.02583221
13.660000,0.03656628
13.665000,0.04617019
13.670000,0.04086565
13.675000,0.03680648
13.680000,0.04835159
13.685000,0.07223882
13.690000,0.05025163
13.695000,0.06725321
13.700000,0.07900271
13.705000,0.08542510
13.710000,0.07063158
13.715000,0.06836311
13.720000,0.07044255
13.725000,0.05663410
13.730000,0.07091512
13.735000,0.05948278
13.740000,0.07882749
13.745000,0.05135219
13.750000,0.02672828
13.755000,-0.00480868
13.760000,0.00432048
13.765000,-0.01113912
13.770000,-0.02460048
13.775000,-0.01130473
13.780000,0.01401563
13.785000,0.00109802
13.790000,0.02045485
13.795000,0.02675862
13.800000,0.02452307
13.805000,0.00469293
13.810000,-0.01752436
13.815000,-0.01684250
13.820000,-0.01501048
13.825000,-0.02536568
13.830000,-0.03962791
13.835000,-0.05797022
13.840000,-0.05063217
13.845000,-0.03862260
13.850000,-0.02624222
13.855000,-0.01578104
13.860000,-0.02269429
13.865000,0.00222627
13.870000,-0.01209427
13.875000,-0.00272565
13.880000,-0.00793717
13.885000,-0.02340019
13.890000,-0.03134653
13.895000,-0.02149820
13.900000,-0.00406830
13.905000,0.00157145
13.910000,-0.04034921
13.915000,-0.02734155
13.920000,-0.05620542
13.925000,-0.02514571
13.930000,-0.01992180
13.935000,-0.01587795
13.940000,0.00038357
13.945000,-0.00256835
13.950000,-0.00508793
13.955000,-0.00933254
13.960000,-0.00610735
13.965000,-0.00368269
13.970000,0.00069231
13.975000,-0.04598153
13.980000,-0.04461176
13.985000,-0.06459098
13.990000,-0.02202056
13.995000,-0.00850440
14.000000,0.00639376
14.005000,0.01414470
14.010000,0.02426671
14.015000,0.01162853
14.020000,0.02322024
14.025000,0.03522252
14.030000,0.03704916
14.035000,0.04700147
14.040000,0.06044938
14.045000,0.05842653
14.050000,0.04034349
14.055000,0.05002303
14.060000,0.06907700
14.065000,0.04910592
14.070000,0.06272263
14.075000,0.06302025
14.080000,0.06808760
14.085000,0.07598968
14.090000,0.05686612
14.095000,0.05713575
14.100000,0.06740164
14.105000,0.08271982
14.110000,0.08963481
14.115000,0.07112444
14.120000,0.06886868
14.125000,0.06034715
14.130000,0.05636103
14.135000,0.06688790
14.140000,0.04249811
14.145000,0.04533521
14.150000,0.04702183
14.155000,0.02923153
14.160000,0.04085731
14.165000,0.02866364
14.170000,0.02558776
14.175000,-0.01324604
14.180000,0.00012450
14.185000,-0.00591675
14.190000,-0.01201930
14.195000,0.00639241
14.200000,-0.02180720
14.205000,-0.01079017
14.210000,0.00248581
14.215000,-0.02584679
14.220000,-0.02247954
14.225000,-0.02777172
14.230000,-0.04171820
14.235000,-0.05815598
14.240000,-0.04659184
14.245000,-0.02924911
14.250000,-0.04320560
14.255000,-0.05410888
14.260000,-0.04067781
14.265000,-0.00620184
14.270000,-0.02622630
14.275000,-0.04416100
14.280000,-0.05633919
14.285000,-0.06767148
14.290000,-0.04845700
14.295000,-0.05912675
14.300000,-0.02552137
14.305000,-0.01688083
14.310000,-0.00109923
14.315000,0.00878753
14.320000,-0.00407718
14.325000,-0.02138159
14.330000,-0.00668575
14.335000,0.01109731
14.340000,0.01760448
14.345000,0.01804129
14.350000,0.01963316
14.355000,0.02268774
14.360000,0.00450890
14.365000,0.00578583
14.370000,0.00618191
14.375000,-0.01716849
14.380000,-0.05180569
14.385000,-0.05261932
14.390000,-0.07694562
14.395000,-0.10415097
14.400000,-0.12182899
14.405000,-0.11305148
14.410000,-0.10739536
14.415000,-0.10001642
14.420000,-0.07132505
14.425000,-0.05905543
14.430000,-0.03372446
14.435000,-0.02716009
14.440000,-0.00937166
14.445000,0.01418517
14.450000,0.04212816
14.455000,0.03982258
14.460000,0.02443429
14.465000,0.02587526
14.470000,0.04400058
14.475000,0.06407646
14.480000,0.06418386
14.485000,0.06716334
14.490000,0.08557686
14.495000,0.08456087
14.500000,0.08971488
14.505000,0.09760568
14.510000,0.08998557
14.515000,0.07420954
14.520000,0.10168766
14.525000,0.08843902
14.530000,0.06925620
14.535000,0.06102676
14.540000,0.05833963
14.545000,0.05739055
14.550000,0.04846559
14.555000,0.05041545
14.560000,0.06779571
14.565000,0.05826577
14.570000,0.05378766
14.575000,0.06668071
14.580000,0.04839974
14.585000,0.02839233
14.590000,0.01553392
14.595000,0.01067185
14.600000,0.01891819
14.605000,-0.00518390
14.610000,-0.01600492
14.615000,-0.03181145
14.620000,-0.05276331
14.625000,-0.06880830
14.630000,-0.05820350
14.635000,-0.05583790
14.640000,-0.05257348
14.645000,-0.04340560
14.650000,-0.03663175
14.655000,-0.03006454
14.660000,-0.00508780
14.665000,0.00348841
14.670000,-0.03075945
14.675000,-0.02244272
14.680000,-0.00937506
14.685000,-0.00265932
14.690000,-0.00988162
14.695000,-0.02217019
14.700000,-0.02055500
14.705000,-0.01107135
14.710000,0.00044632
14.715000,-0.02212887
14.720000,-0.01682856
14.725000,-0.00000878
14.730000,0.00984483
14.735000,0.04120180
14.740000,0.03119161
14.745000,0.01507785
14.750000,0.02526397
14.755000,0.04259849
14.760000,0.02826378
14.765000,0.02731457
14.770000,0.02864663
14.775000,0.03205512
14.780000,0.04545247
14.785000,0.07146797
14.790000,0.06076068
14.795000,0.05343773
14.800000,0.03181734
14.805000,0.03853480
14.810000,0.02190594
14.815000,0.02102191
14.820000,0.02422642
14.825000,0.03774094
14.830000,0.03406645
14.835000,0.02526294
14.840000,0.01495052
14.845000,0.02445240
14.850000,0.01773865
14.855000,0.01607819
14.860000,0.02289228
14.865000,0.03582168
14.870000,0.04652745
14.875000,0.02633818
14.880000,0.01065680
14.885000,0.01273909
14.890000,0.01735039
14.895000,0.01826669
14.900000,0.03130758
14.905000,0.04657651
14.910000,0.04219867
14.915000,0.04090759
14.920000,0.05024053
14.925000,0.05655944
14.930000,0.04063444
14.935000,0.02185693
14.940000,-0.00166479
14.945000,-0.00381944
14.950000,-0.01249669
14.955000,-0.02174220
14.960000,-0.04039633
14.965000,-0.04097412
14.970000,-0.05811535
14.975000,-0.07041317
14.980000,-0.07259534
14.985000,-0.06497790
14.990000,-0.06233506
14.995000,-0.05209597
15.000000,-0.05066505
15.005000,-0.05318610
15.010000,-0.05436114
15.015000,-0.06182654
15.020000,-0.05834820
15.025000,-0.04188919
15.030000,-0.03096028
15.035000,-0.02061754
15.040000,-0.01454170
15.045000,-0.01038232
15.050000,-0.00787433
15.055000,-0.01860085
15.060000,-0.02944156
15.065000,-0.03792109
15.070000,-0.02521492
15.075000,-0.03024697
15.080000,-0.02115953
15.085000,-0.03192859
15.090000,-0.03273675
15.095000,-0.04116434
15.100000,-0.03098306
15.105000,-0.00719180
15.110000,-0.01933012
15.115000,-0.01436520
15.120000,-0.02178147
15.125000,-0.01221848
15.130000,0.00742587
15.135000,0.00239656
15.140000,0.01400030
15.145000,0.01297572
15.150000,0.00529323
15.155000,0.00147702
15.160000,0.01450466
15.165000,0.01900387
15.170000,0.01783140
15.175000,0.01562078
15.180000,0.00857052
15.185000,0.01538041
15.190000,0.03797536
15.195000,0.03470681
15.200000,0.02209114
15.205000,0.02505229
15.210000,0.02944996
15.215000,0.03939856
15.220000,0.02440461
15.225000,0.02593492
15.230000,0.01514986
15.235000,0.02844108
15.240000,0.03456124
15.245000,0.03030577
15.250000,0.01524275
15.255000,0.03382180
15.260000,0.02988261
15.265000,0.03717344
15.270000,0.01427583
15.275000,0.01387804
15.280000,0.02028696
15.285000,-0.00450048
15.290000,-0.00266052
15.295000,0.00964973
15.300000,-0.00724758
15.305000,-0.00937597
15.310000,-0.01362625
15.315000,-0.02055233
15.320000,-0.02706825
15.325000,-0.03603146
15.330000,-0.04316367
15.335000,-0.04254067
15.340000,-0.04032012
15.345000,-0.05262019
15.350000,-0.05670072
15.355000,-0.05321173
15.360000,-0.03842755
15.365000,-0.02397655
15.370000,-0.02267724
15.375000,-0.01994157
15.380000,-0.03290536
15.385000,-0.03012203
15.390000,-0.04735815
15.395000,-0.04857163
15.400000,-0.05898322
15.405000,-0.06331217
15.410000,-0.05824010
15.415000,-0.05253309
15.420000,-0.03637159
15.425000,-0.03121667
15.430000,-0.03360326
15.435000,-0.02436756
15.440000,-0.03860998
15.445000,-0.01883666
15.450000,-0.03794290
15.455000,-0.02840741
15.460000,-0.02041483
15.465000,-0.02393943
15.470000,-0.02600744
15.475000,-0.03834665
15.480000,-0.03439080
15.485000,-0.02630795
15.490000,-0.02919569
15.495000,-0.02245779
15.500000,-0.01346928
15.505000,-0.01910818
15.510000,-0.00872767
15.515000,-0.00265637
15.520000,-0.00065838
15.525000,0.00794152
15.530000,0.01165594
15.535000,0.00503478
15.540000,-0.00065184
15.545000,0.00220842
15.550000,0.01339251
15.555000,0.01511090
15.560000,0.01113341
15.565000,0.01139206
15.570000,-0.00013253
15.575000,0.01097177
15.580000,0.02414487
15.585000,0.03911390
15.590000,0.04588668
15.595000,0.03730195
15.600000,0.03406420
15.605000,0.02827903
15.610000,0.03044590
15.615000,0.04109822
15.620000,0.01531149
15.625000,0.01746287
15.630000,0.01799018
15.635000,0.01875163
15.640000,0.02306233
15.645000,0.01275888
15.650000,0.01979245
15.655000,0.02074327
15.660000,0.01671782
15.665000,0.01491713
15.670000,0.00896690
15.675000,0.00811135
15.680000,0.01188498
15.685000,-0.00177652
15.690000,-0.00619718
15.695000,-0.01150983
15.700000,-0.01254369
15.705000,-0.01574446
15.710000,-0.03234991
15.715000,-0.02770428
15.720000,-0.01642133
15.725000,-0.02282937
15.730000,-0.02100075
15.735000,-0.02696453
15.740000,-0.02448458
15.745000,-0.02576847
15.750000,-0.01499337
15.755000,-0.01961112
15.760000,-0.01311463
15.765000,-0.01918287
15.770000,-0.02333994
15.775000,-0.02141934
15.780000,-0.03526005
15.785000,-0.04174013
15.790000,-0.03240696
15.795000,-0.03698100
15.800000,-0.04723535
15.805000,-0.05778621
15.810000,-0.05418536
15.815000,-0.05632148
15.820000,-0.05279835
15.825000,-0.07477086
15.830000,-0.07791555
15.835000,-0.08058797
15.840000,-0.06931421
15.845000,-0.05721029
15.850000,-0.04745789
15.855000,-0.06173523
15.860000,-0.05008623
15.865000,-0.03569583
15.870000,-0.03956592
15.875000,-0.03379393
15.880000,-0.02697446
15.885000,-0.02786514
15.890000,-0.02397622
15.895000,-0.02853489
15.900000,-0.02447774
15.905000,-0.02313741
15.910000,-0.01841551
15.915000,0.00033402
15.920000,-0.00756583
15.925000,0.00434678
15.930000,0.00616752
15.935000,0.00709649
15.940000,-0.01069939
15.945000,-0.00098315
15.950000,-0.01025986
15.955000,-0.01736634
15.960000,-0.01837843
15.965000,-0.01982733
15.970000,-0.02590175
15.975000,-0.01166016
15.980000,-0.00473042
15.985000,0.01692518
15.990000,0.01044982
15.995000,0.00373616
16.000000,0.02091656
16.005000,0.00955415
16.010000,0.01184181
16.015000,0.00898111
16.020000,0.00655482
16.025000,-0.00570930
16.030000,-0.01122132
16.035000,0.00602069
16.040000,0.00725698
16.045000,0.01990920
16.050000,0.01379051
16.055000,0.01436866
16.060000,0.01920830
16.065000,0.02365954
16.070000,0.02089012
16.075000,0.02032032
16.080000,0.02835999
16.085000,0.02948821
16.090000,0.01285685
16.095000,0.00659680
16.100000,-0.00359678
16.105000,-0.01830272
16.110000,-0.01140259
16.115000,-0.00248960
16.120000,-0.00928220
16.125000,-0.01198159
16.130000,0.00463124
16.135000,0.00281412
16.140000,0.00165410
16.145000,0.00385109
16.150000,0.01417645
16.155000,0.01744110
16.160000,0.02524341
16.165000,0.01582994
16.170000,0.02181672
16.175000,0.01971213
16.180000,0.01172464
16.185000,0.01517416
16.190000,0.03477953
16.195000,0.03451127
16.200000,0.04083381
16.205000,0.03620449
16.210000,0.02114335
16.215000,0.02372990
16.220000,0.01351854
16.225000,0.01007527
16.230000,0.02455462
16.235000,0.00790308
16.240000,0.00942235
16.245000,0.01216160
16.250000,0.01325181
16.255000,0.00697613
16.260000,0.00720491
16.265000,-0.00173018
16.270000,0.00986639
16.275000,0.00988678
16.280000,0.01918760
16.285000,0.01523357
16.290000,0.02069806
16.295000,0.02450401
16.300000,0.01347500
16.305000,0.02462887
16.310000,0.04423729
16.315000,0.04996155
16.320000,0.03618786
16.325000,0.02684766
16.330000,0.00684177
16.335000,-0.00115166
16.340000,0.01166417
16.345000,0.01819699
16.350000,0.00871663
16.355000,-0.00274807
16.360000,-0.00886379
16.365000,-0.00103163
16.370000,0.00193042
16.375000,0.01268131
16.380000,0.00629093
16.385000,0.00615990
16.390000,-0.00047368
16.395000,-0.00278909
16.400000,-0.00584496
16.405000,-0.00861095
16.410000,-0.00431892
16.415000,-0.00838124
16.420000,-0.00966748
16.425000,-0.01662143
16.430000,-0.00701585
16.435000,0.00628052
16.440000,0.02087414
16.445000,0.02606422
16.450000,0.02443534
16.455000,0.01591889
16.460000,0.00674765
16.465000,0.00540533
16.470000,-0.00478090
16.475000,0.00077846
16.480000,0.00225908
16.485000,-0.00845237
16.490000,-0.01012818
16.495000,-0.00356393
16.500000,0.00511764
16.505000,0.00637332
16.510000,0.01076640
16.515000,0.01262095
16.520000,0.00853335
16.525000,0.00913975
16.530000,0.00953530
16.535000,0.00459284
16.540000,0.00606898
16.545000,0.00548108
16.550000,0.00793355
16.555000,0.00752905
16.560000,0.00696930
16.565000,-0.00696152
16.570000,0.01061136
16.575000,0.01539464
16.580000,0.01785295
16.585000,0.02999294
16.590000,0.03592423
16.595000,0.03769840
16.600000,0.04061808
16.605000,0.05075511
16.610000,0.05002989
16.615000,0.03735427
16.620000,0.02389377
16.625000,0.03211519
16.630000,0.02839951
16.635000,0.03017325
16.640000,0.02727974
16.645000,0.02835898
16.650000,0.01994320
16.655000,0.02141782
16.660000,0.00290490
16.665000,-0.00035120
16.670000,-0.01124054
16.675000,-0.01177139
16.680000,-0.01152262
16.685000,-0.01297599
16.690000,-0.01209119
16.695000,-0.02492710
16.700000,-0.03222904
16.705000,-0.03290519
16.710000,-0.02911515
16.715000,-0.02624312
16.720000,-0.03749123
16.725000,-0.02663730
16.730000,-0.02620351
16.735000,-0.01335996
16.740000,-0.00766007
16.745000,0.00122948
16.750000,0.00529207
16.755000,0.00209861
16.760000,0.00041152
16.765000,0.00679119
16.770000,0.00418236
16.775000,-0.00928151
16.780000,-0.00881326
16.785000,-0.00663469
16.790000,-0.00305611
16.795000,0.00213233
16.800000,0.01625891
16.805000,0.00519804
16.810000,0.01743350
16.815000,0.02176350
16.820000,0.02074107
16.825000,0.01028452
16.830000,0.01012950
16.835000,0.01362431
16.840000,0.01246742
16.845000,0.00836082
16.850000,0.00344607
16.855000,-0.00263933
16.860000,0.00148675
16.865000,0.00498252
16.870000,0.01101052
16.875000,0.00479171
16.880000,0.01338531
16.885000,0.02952511
16.890000,0.02854058
16.895000,0.03470154
16.900000,0.02355594
16.905000,0.03817998
16.910000,0.04013419
16.915000,0.04603961
16.920000,0.04516758
16.925000,0.03138914
16.930000,0.03223495
16.935000,0.02958008
16.940000,0.03330621
16.945000,0.02487291
16.950000,0.00185319
16.955000,-0.00018591
16.960000,-0.00385563
16.965000,-0.00008904
16.970000,-0.00713962
16.975000,-0.01060255
16.980000,-0.01376869
16.985000,-0.01916678
16.990000,-0.01552167
16.995000,-0.01756190
17.000000,-0.02084834
17.005000,-0.02518697
17.010000,-0.02670175
17.015000,-0.01573891
17.020000,-0.01695605
17.025000,-0.02085740
17.030000,-0.01944713
17.035000,-0.01340935
17.040000,-0.01279940
17.045000,-0.00948108
17.050000,-0.00482050
17.055000,0.00047995
17.060000,0.00206066
17.065000,-0.00705990
17.070000,-0.00748546
17.075000,-0.01138576
17.080000,-0.00604871
17.085000,0.00272313
17.090000,0.00027660
17.095000,0.00519069
17.100000,0.00749295
17.105000,0.00572822
17.110000,0.01458209
17.115000,0.01096346
17.120000,0.00596451
17.125000,-0.00007934
17.130000,0.00656095
17.135000,0.00129083
17.140000,-0.00386868
17.145000,0.00297471
17.150000,0.00490540
17.155000,0.00346901
17.160000,-0.00240148
17.165000,-0.00106893
17.170000,-0.00808951
17.175000,-0.00676971
17.180000,-0.00578567
17.185000,-0.00620671
17.190000,-0.00492508
17.195000,-0.00098728
17.200000,-0.01254564
17.205000,-0.01882730
17.210000,-0.01358142
17.215000,-0.01403883
17.220000,-0.00811009
17.225000,0.00296830
17.230000,0.01269545
17.235000,0.01844597
17.240000,0.01832676
17.245000,0.02494042
17.250000,0.02003318
17.255000,0.02022012
17.260000,0.01749806
17.265000,0.01350390
17.270000,0.00794339
17.275000,0.00981463
17.280000,-0.00057104
17.285000,-0.01306731
17.290000,-0.00681505
17.295000,-0.00442432
17.300000,0.00048464
17.305000,-0.00060565
17.310000,0.00200412
17.315000,-0.00141887
17.320000,-0.00487890
17.325000,-0.01185487
17.330000,-0.00067402
17.335000,-0.00674681
17.340000,0.00290985
17.345000,-0.00479060
17.350000,-0.01031874
17.355000,-0.00266312
17.360000,0.00082373
17.365000,0.00315368
17.370000,-0.00275153
17.375000,0.00304971
17.380000,-0.00243434
17.385000,-0.00067288
17.390000,-0.00515701
17.395000,0.00422366
17.400000,0.00631823
17.405000,0.01398839
17.410000,0.01231305
17.415000,0.00730664
17.420000,-0.00146270
17.425000,-0.00019026
17.430000,0.00665495
17.435000,0.00929653
17.440000,0.00438238
17.445000,0.00120185
17.450000,-0.00185082
17.455000,-0.00228052
17.460000,0.00162686
17.465000,0.00208672
17.470000,0.00592771
17.475000,0.00800960
17.480000,0.00137240
17.485000,0.00153628
17.490000,-0.00475454
17.495000,-0.00432416
17.500000,-0.00188221
17.505000,-0.00664838
17.510000,-0.01437832
17.515000,-0.01278305
17.520000,-0.01312737
17.525000,-0.00591360
17.530000,-0.00956375
17.535000,0.00030811
17.540000,0.00410171
17.545000,-0.00486349
17.550000,-0.00862992
17.555000,-0.00815026
17.560000,-0.00852674
17.565000,-0.01331558
17.570000,-0.02325056
17.575000,-0.02403498
17.580000,-0.02422556
17.585000,-0.01973280
17.590000,-0.01756292
17.595000,-0.02270800
17.600000,-0.01698311
17.605000,-0.01928583
17.610000,-0.01259662
17.615000,-0.01429176
17.620000,-0.01636639
17.625000,-0.01525453
17.630000,-0.00974324
17.635000,-0.00733605
17.640000,-0.01389064
17.645000,-0.00731329
17.650000,-0.01029007
17.655000,-0.01753884
17.660000,-0.02594002
17.665000,-0.01701943
17.670000,-0.00716777
17.675000,-0.00934789
17.680000,-0.01003356
17.685000,-0.00936987
17.690000,-0.01550359
17.695000,-0.01358942
17.700000,-0.00939587
17.705000,-0.01082480
17.710000,-0.00850015
17.715000,-0.00992629
17.720000,-0.00330621
17.725000,-0.00775992
17.730000,-0.00955695
17.735000,-0.00074092
17.740000,0.00078478
17.745000,0.01456316
17.750000,0.01848577
17.755000,0.02450017
17.760000,0.02732137
17.765000,0.02214545
17.770000,0.02640625
17.775000,0.01976582
17.780000,0.00972820
17.785000,0.01119806
17.790000,0.01591842
17.795000,0.02173142
17.800000,0.02273234
17.805000,0.02097503
17.810000,0.01885865
17.815000,0.02041651
17.820000,0.02444124
17.825000,0.02292904
17.830000,0.02473467
17.835000,0.02925303
17.840000,0.03376531
17.845000,0.03783294
17.850000,0.03986006
17.855000,0.04655986
17.860000,0.03877356
17.865000,0.04500608
17.870000,0.04225875
17.875000,0.03080890
17.880000,0.02871974
17.885000,0.02774012
17.890000,0.01797438
17.895000,0.01581833
17.900000,0.00191051
17.905000,0.00938473
17.910000,0.00616282
17.915000,0.00447583
17.920000,0.00803768
17.925000,0.00647485
17.930000,-0.00172468
17.935000,-0.01311390
17.940000,-0.01021743
17.945000,-0.00660401
17.950000,-0.00956365
17.955000,-0.02061789
17.960000,-0.01884781
17.965000,-0.01884201
17.970000,-0.01539961
17.975000,-0.01941161
17.980000,-0.02999532
17.985000,-0.03196220
17.990000,-0.02680636
17.995000,-0.02034057
18.000000,-0.02129371
18.005000,-0.02326257
18.010000,-0.03156632
18.015000,-0.02386837
18.020000,-0.02493102
18.025000,-0.02725415
18.030000,-0.03033932
18.035000,-0.03066711
18.040000,-0.02670197
18.045000,-0.02694297
18.050000,-0.01819821
18.055000,-0.01338026
18.060000,-0.01018709
18.065000,-0.00236977
18.070000,-0.00771797
18.075000,-0.00599573
18.080000,-0.00103566
18.085000,0.00383066
18.090000,0.00210871
18.095000,-0.00355292
18.100000,-0.01237335
18.105000,-0.00889766
18.110000,-0.00849633
18.115000,-0.00856783
18.120000,-0.00686100
18.125000,-0.00637587
18.130000,-0.00822793
18.135000,-0.00367462
18.140000,-0.00987022
18.145000,-0.01470605
18.150000,-0.02025196
18.155000,-0.02072040
18.160000,-0.01628336
18.165000,-0.01893383
18.170000,-0.01690413
18.175000,-0.01097236
18.180000,-0.00112220
18.185000,0.00376566
18.190000,0.00168941
18.195000,-0.00527446
18.200000,-0.01698264
18.205000,-0.01872513
18.210000,-0.01692406
18.215000,-0.01785134
18.220000,-0.00696566
18.225000,-0.01242699
18.230000,-0.01434397
18.235000,-0.02442023
18.240000,-0.01719333
18.245000,-0.01883019
18.250000,-0.02628279
18.255000,-0.02539093
18.260000,-0.01656269
18.265000,-0.00555533
18.270000,-0.00580521
18.275000,-0.00182190
18.280000,-0.00313698
18.285000,-0.00346176
18.290000,-0.00525423
18.295000,0.00310299
18.300000,0.00012214
18.305000,-0.00917247
18.310000,-0.01379862
18.315000,-0.01576802
18.320000,-0.01385440
18.325000,-0.01554068
18.330000,-0.01352176
18.335000,-0.01148181
18.340000,-0.01229015
18.345000,-0.00808040
18.350000,-0.01165329
18.355000,-0.01553421
18.360000,-0.00995436
18.365000,-0.00873618
18.370000,-0.02157447
18.375000,-0.02231954
18.380000,-0.01825380
18.385000,-0.00999542
18.390000,-0.00578255
18.395000,-0.00342231
18.400000,0.00213868
18.405000,0.00734779
18.410000,0.01293628
18.415000,0.00752953
18.420000,0.00715808
18.425000,0.00011014
18.430000,0.00528588
18.435000,0.00214465
18.440000,-0.00251031
18.445000,0.00611335
18.450000,0.00096156
18.455000,-0.00087847
18.460000,-0.00082595
18.465000,-0.00163657
18.470000,0.00365546
18.475000,0.00628087
18.480000,0.00139860
18.485000,0.00490695
18.490000,0.00330473
18.495000,0.00043323
18.500000,0.00294209
18.505000,0.00461831
18.510000,0.00485669
18.515000,0.00056718
18.520000,0.00067930
18.525000,-0.00510333
18.530000,-0.00172484
18.535000,-0.00322041
18.540000,-0.00375833
18.545000,-0.00072776
18.550000,-0.00183419
18.555000,0.00014041
18.560000,-0.00332803
18.565000,-0.00218554
18.570000,0.00181915
18.575000,-0.00674970
18.580000,-0.00875558
18.585000,-0.00820218
18.590000,-0.00884414
18.595000,-0.00660614
18.600000,-0.00139529
18.605000,-0.00108749
18.610000,0.00083839
18.615000,0.00246228
18.620000,0.00661511
18.625000,0.00950899
18.630000,0.01558634
18.635000,0.01957546
18.640000,0.01584313
18.645000,0.01602749
18.650000,0.01925603
18.655000,0.01864051
18.660000,0.00521623
18.665000,0.01233318
18.670000,0.01322020
18.675000,0.01339871
18.680000,0.01369297
18.685000,0.00897209
18.690000,0.00808393
18.695000,0.00557956
18.700000,0.00112287
18.705000,0.00106773
18.710000,0.00217637
18.715000,0.00628603
18.720000,0.00671295
18.725000,0.00530511
18.730000,0.00707733
18.735000,0.01089716
18.740000,0.01419803
18.745000,0.01214432
18.750000,0.01152483
18.755000,0.00929353
18.760000,0.01756811
18.765000,0.02055700
18.770000,0.02439438
18.775000,0.01857823
18.780000,0.01874371
18.785000,0.02328281
18.790000,0.01625947
18.795000,0.01442251
18.800000,0.00488872
18.805000,0.01670869
18.810000,0.01627944
18.815000,0.01270604
18.820000,0.01521830
18.825000,0.01216869
18.830000,0.01365931
18.835000,0.01038982
18.840000,0.01404087
18.845000,0.00996082
18.850000,0.00943621
18.855000,0.00405058
18.860000,0.00385325
18.865000,0.00251942
18.870000,-0.00351582
18.875000,0.00354188
18.880000,0.00198979
18.885000,0.00131780
18.890000,0.00463273
18.895000,-0.00002746
18.900000,-0.00502207
18.905000,-0.00801318
18.910000,-0.00366862
18.915000,-0.00792938
18.920000,0.00283819
18.925000,0.00346961
18.930000,0.00466560
18.935000,0.00623851
18.940000,0.00319032
18.945000,0.00271808
18.950000,-0.00007443
18.955000,-0.00064550
18.960000,-0.00175643
18.965000,0.00399093
18.970000,0.00452109
18.975000,0.00430693
18.980000,0.00334711
18.985000,0.00006137
18.990000,-0.00383738
18.995000,-0.00468770
19.000000,0.00041477
19.005000,0.00230236
19.010000,-0.00036001
19.015000,-0.00356909
19.020000,-0.00472500
19.025000,-0.00046518
19.030000,0.00355011
19.035000,0.00179439
19.040000,-0.00077393
19.045000,0.00114036
19.050000,-0.00201050
19.055000,-0.00298173
19.060000,0.00346195
19.065000,0.00075946
19.070000,0.00114084
19.075000,0.00097799
19.080000,0.00448584
19.085000,0.00522323
19.090000,-0.00062315
19.095000,-0.00481482
19.100000,-0.00251053
19.105000,-0.00270420
19.110000,-0.00455372
19.115000,-0.00970632
19.120000,-0.00832288
19.125000,-0.00977464
19.130000,-0.00663650
19.135000,-0.00506698
19.140000,-0.00830428
19.145000,-0.01278506
19.150000,-0.01433439
19.155000,-0.01221237
19.160000,-0.00884947
19.165000,-0.01574923
19.170000,-0.00964050
19.175000,-0.00799213
19.180000,-0.00865222
19.185000,-0.01557387
19.190000,-0.01863861
19.195000,-0.01312399
19.200000,-0.01199410
19.205000,-0.01077224
19.210000,-0.01125371
19.215000,-0.01229828
19.220000,-0.01266583
19.225000,-0.00834904
19.230000,-0.00431295
19.235000,-0.00127842
19.240000,-0.00169373
19.245000,0.00030068
19.250000,0.00657935
19.255000,0.00999568
19.260000,0.01506345
19.265000,0.00951565
19.270000,0.00193910
19.275000,0.00507047
19.280000,0.00449658
19.285000,-0.00912715
19.290000,-0.00578294
19.295000,-0.00123478
19.300000,0.00021150
19.305000,0.00089895
19.310000,-0.00471031
19.315000,-0.00031591
19.320000,0.00931274
19.325000,0.01880325
19.330000,0.01832454
19.335000,0.01819617
19.340000,0.02037354
19.345000,0.01517066
19.350000,0.01239039
19.355000,0.01431600
19.360000,0.01456766
19.365000,0.01173777
19.370000,0.01062812
19.375000,0.00538803
19.380000,0.00338999
19.385000,0.00708350
19.390000,0.00415432
19.395000,0.00097677
19.400000,-0.00095447
19.405000,-0.00561300
19.410000,-0.00319921
19.415000,-0.00896741
19.420000,-0.01225890
19.425000,-0.01101142
19.430000,-0.01801998
19.435000,-0.01178752
19.440000,-0.00642487
19.445000,-0.00592218
19.450000,-0.00104223
19.455000,0.00022844
19.460000,0.00267461
19.465000,0.00690995
19.470000,0.01483913
19.475000,0.01528970
19.480000,0.02342775
19.485000,0.02663442
19.490000,0.03144199
19.495000,0.03030806
19.500000,0.03037298
19.505000,0.03705845
19.510000,0.03307120
19.515000,0.02701549
19.520000,0.03371715
19.525000,0.02447209
19.530000,0.02628051
19.535000,0.02205581
19.540000,0.01969274
19.545000,0.01159129
19.550000,0.00952503
19.555000,0.00338520
19.560000,0.00212438
19.565000,0.00274725
19.570000,-0.00334636
19.575000,-0.00052057
19.580000,0.00202448
19.585000,-0.00628830
19.590000,-0.00847128
19.595000,-0.01149649
19.600000,0.00103387
19.605000,0.00057368
19.610000,-0.00485243
19.615000,-0.00443408
19.620000,-0.00924167
19.625000,-0.01187872
19.630000,-0.00702050
19.635000,-0.00696692
19.640000,-0.00644845
19.645000,-0.00242065
19.650000,0.00458950
19.655000,0.00552899
19.660000,0.00137525
19.665000,0.00102266
19.670000,0.00199517
19.675000,0.00132084
19.680000,0.00352641
19.685000,0.00073292
19.690000,0.00709013
19.695000,0.00849790
19.700000,0.00240845
19.705000,0.00224940
19.710000,0.00458702
19.715000,0.00580016
19.720000,0.01088795
19.725000,0.00673907
19.730000,0.00089500
19.735000,0.00365960
19.740000,0.00185619
19.745000,0.00032572
19.750000,0.00307885
19.755000,-0.00058295
19.760000,-0.00536845
19.765000,-0.00926600
19.770000,-0.00659780
19.775000,-0.00696896
19.780000,-0.00932816
19.785000,-0.01614647
19.790000,-0.01317819
19.795000,-0.01628967
19.800000,-0.01333703
19.805000,-0.01412400
19.810000,-0.01240897
19.815000,-0.01413964
19.820000,-0.01220089
19.825000,-0.01855735
19.830000,-0.02016390
19.835000,-0.01723470
19.840000,-0.01112064
19.845000,-0.00864872
19.850000,-0.01021072
19.855000,-0.01149971
19.860000,-0.01028542
19.865000,-0.01345386
19.870000,-0.00897680
19.875000,-0.00138424
19.880000,-0.00256973
19.885000,-0.00946224
19.890000,-0.01127829
19.895000,-0.01106602
19.900000,-0.01205525
19.905000,-0.00701357
19.910000,-0.00290834
19.915000,-0.00505778
19.920000,-0.00045472
19.925000,0.00555429
19.930000,0.00021762
19.935000,-0.00021918
19.940000,0.00052989
19.945000,0.00551752
19.950000,0.00046340
19.955000,-0.00036890
19.960000,-0.00241427
19.965000,-0.00498848
19.970000,-0.00525497
19.975000,-0.00240025
19.980000,-0.00004345
19.985000,0.00448292
19.990000,0.00285528
19.995000,0.00336048
20.000000,0.00505947
20.005000,0.00967350
20.010000,0.00644270
20.015000,0.00627053
20.020000,0.00287091
20.025000,0.00398061
20.030000,-0.00119626
20.035000,-0.00500933
20.040000,-0.00478226
20.045000,-0.00818373
20.050000,-0.00687235
20.055000,-0.00926608
20.060000,-0.01622555
20.065000,-0.01781622
20.070000,-0.01359061
20.075000,-0.01164197
20.080000,-0.00921331
20.085000,-0.01734185
20.090000,-0.01805162
20.095000,-0.01518231
20.100000,-0.01506872
20.105000,-0.01155824
20.110000,-0.00914376
20.115000,-0.01009870
20.120000,-0.00627051
20.125000,-0.00091157
20.130000,0.00191840
20.135000,0.00425431
20.140000,0.00072139
20.145000,0.00149103
20.150000,0.00257040
20.155000,-0.00031111
20.160000,-0.00109830
20.165000,-0.00285786
20.170000,0.00119094
20.175000,-0.00177608
20.180000,-0.00089260
20.185000,-0.00083262
20.190000,0.00098386
20.195000,0.00093290
20.200000,-0.00169439
20.205000,-0.00077216
20.210000,0.00526263
20.215000,0.00656337
20.220000,0.00952776
20.225000,0.00434068
20.230000,0.00960660
20.235000,0.01282427
20.240000,0.01191522
20.245000,0.01344739
20.250000,0.01794844
20.255000,0.01684882
20.260000,0.01263295
20.265000,0.01428146
20.270000,0.01265202
20.275000,0.01329838
20.280000,0.01140583
20.285000,0.00595369
20.290000,0.00384813
20.295000,0.00481849
20.300000,0.00088161
20.305000,0.00525172
20.310000,-0.00138041
20.315000,-0.00436957
20.320000,-0.00380141
20.325000,-0.00344777
20.330000,-0.00128537
20.335000,-0.00104633
20.340000,0.00347783
20.345000,0.00168704
20.350000,0.00312029
20.355000,0.00081146
20.360000,0.00391773
20.365000,0.00294484
20.370000,0.00171321
20.375000,0.00138884
20.380000,-0.00153643
20.385000,-0.00278781
20.390000,-0.00750281
20.395000,-0.00826618
20.400000,-0.00829008
20.405000,-0.00621013
20.410000,-0.00725239
20.415000,-0.01072158
20.420000,-0.01044119
20.425000,-0.01172965
20.430000,-0.01383990
20.435000,-0.00824900
20.440000,-0.00847112
20.445000,0.00025966
20.450000,-0.00060956
20.455000,-0.00344428
20.460000,-0.00386408
20.465000,-0.00590293
20.470000,-0.00338166
20.475000,-0.00451774
20.480000,-0.00408203
20.485000,-0.00146726
20.490000,-0.00149819
20.495000,-0.00069274
20.500000,-0.00213481
20.505000,0.00075471
20.510000,0.00561634
20.515000,0.00498691
20.520000,0.00221828
20.525000,0.00260469
20.530000,0.00746189
20.535000,0.00672447
20.540000,0.01060636
20.545000,0.00783385
20.550000,0.00706915
20.555000,0.00964710
20.560000,0.01000153
20.565000,0.00832090
20.570000,0.01272504
20.575000,0.01201319
20.580000,0.01173370
20.585000,0.01040269
20.590000,0.00746447
20.595000,0.00745255
20.600000,0.01042636
20.605000,0.00942123
20.610000,0.01216333
20.615000,0.00904210
20.620000,0.00893380
20.625000,0.01003529
20.630000,0.01068895
20.635000,0.00941706
20.640000,0.00344411
20.645000,0.00252139
20.650000,0.00447616
20.655000,0.00565697
20.660000,0.00479691
20.665000,0.00792380
20.670000,0.00439256
20.675000,0.00500082
20.680000,0.00891840
20.685000,0.01245847
20.690000,0.01689361
20.695000,0.01255133
20.700000,0.01056846
20.705000,0.01014586
20.710000,0.01147223
20.715000,0.00740803
20.720000,0.00744073
20.725000,0.00448539
20.730000,0.00357709
20.735000,-0.00125710
20.740000,0.00003773
20.745000,-0.00541197
20.750000,-0.00452703
20.755000,-0.00796197
20.760000,-0.01003876
20.765000,-0.00831313
20.770000,-0.00736672
20.775000,-0.01049774
20.780000,-0.01647482
20.785000,-0.01538768
20.790000,-0.01424568
20.795000,-0.01757012
20.800000,-0.01211982
20.805000,-0.00921110
20.810000,-0.01251908
20.815000,-0.00950483
20.820000,-0.01240078
20.825000,-0.00759688
20.830000,-0.00264235
20.835000,0.00233545
20.840000,-0.00072865
20.845000,-0.00134041
20.850000,-0.00434244
20.855000,-0.00643394
20.860000,-0.00066236
20.865000,-0.00003716
20.870000,-0.00042336
20.875000,-0.00066425
20.880000,-0.00257686
20.885000,-0.00368404
20.890000,-0.00201732
20.895000,-0.00252547
20.900000,-0.00321564
20.905000,-0.00338390
20.910000,-0.00281414
20.915000,-0.00295738
20.920000,-0.00392440
20.925000,-0.00468136
20.930000,-0.00316891
20.935000,-0.00372541
20.940000,-0.00392523
20.945000,-0.00528679
20.950000,-0.00512240
20.955000,-0.00340961
20.960000,-0.00762878
20.965000,-0.00664925
20.970000,-0.00458564
20.975000,-0.00412328
20.980000,-0.00528649
20.985000,-0.00247644
20.990000,0.00026566
20.995000,-0.00176711
21.000000,-0.00036427
21.005000,0.00040750
21.010000,-0.00449598
21.015000,-0.00332758
21.020000,-0.00648813
21.025000,-0.00599517
21.030000,-0.00922696
21.035000,-0.00739572
21.040000,-0.00110190
21.045000,-0.00239176
21.050000,-0.00441107
21.055000,-0.00797498
21.060000,-0.00997933
21.065000,-0.00683252
21.070000,-0.00621700
21.075000,-0.00992528
21.080000,-0.00987586
21.085000,-0.01015594
21.090000,-0.00800715
21.095000,-0.00859193
21.100000,-0.00698395
21.105000,-0.00664290
21.110000,-0.01014343
21.115000,-0.01193171
21.120000,-0.00796890
21.125000,-0.00642961
21.130000,-0.00535726
21.135000,-0.00482651
21.140000,-0.00819073
21.145000,-0.00816586
21.150000,-0.00645641
21.155000,-0.00407871
21.160000,-0.00105526
21.165000,0.00027282
21.170000,0.00202075
21.175000,0.00094787
21.180000,0.00457763
21.185000,0.00240208
21.190000,0.00336382
21.195000,0.00286415
21.200000,0.00594270
21.205000,0.00558419
21.210000,0.00726403
21.215000,0.00546235
21.220000,0.00815487
21.225000,0.01017380
21.230000,0.01348926
21.235000,0.01231492
21.240000,0.01394006
21.245000,0.01500309
21.250000,0.01701558
21.255000,0.01793303
21.260000,0.01749281
21.265000,0.01929126
21.270000,0.01206977
21.275000,0.01055063
21.280000,0.00784605
21.285000,0.00986508
21.290000,0.00872686
21.295000,0.00977200
21.300000,0.00939612
21.305000,0.01120164
21.310000,0.01231469
21.315000,0.01149214
21.320000,0.01184232
21.325000,0.01102512
21.330000,0.00919463
21.335000,0.00959079
21.340000,0.01236719
21.345000,0.01344986
21.350000,0.01072979
21.355000,0.01181440
21.360000,0.00910507
21.365000,0.00153568
21.370000,-0.00112777
21.375000,-0.00114121
21.380000,-0.00475017
21.385000,-0.00449870
21.390000,-0.00201426
21.395000,-0.00238589
21.400000,-0.00155624
21.405000,-0.00234341
21.410000,-0.00771518
21.415000,-0.00703020
21.420000,-0.00854754
21.425000,-0.00765479
21.430000,-0.01174626
21.435000,-0.01089359
21.440000,-0.00923275
21.445000,-0.00570098
21.450000,-0.00485435
21.455000,-0.00741958
21.460000,-0.00688674
21.465000,-0.01070071
21.470000,-0.01422920
21.475000,-0.01286564
21.480000,-0.01082227
21.485000,-0.00957021
21.490000,-0.00620374
21.495000,-0.00380395
21.500000,-0.00200649
21.505000,-0.00511799
21.510000,-0.00606435
21.515000,-0.00508001
21.520000,-0.00763977
21.525000,-0.00960622
21.530000,-0.01214845
21.535000,-0.01272348
21.540000,-0.01141557
21.545000,-0.00794285
21.550000,-0.00706940
21.555000,-0.00707184
21.560000,-0.00855618
21.565000,-0.00492200
21.570000,-0.00369762
21.575000,-0.00152469
21.580000,-0.00322318
21.585000,-0.00532001
21.590000,-0.00413735
21.595000,-0.00330462
21.600000,-0.00015010
21.605000,-0.00113539
21.610000,-0.00121569
21.615000,-0.00189914
21.620000,0.00073715
21.625000,-0.00065008
21.630000,0.00134345
21.635000,0.00148960
21.640000,0.00289131
21.645000,0.00589058
21.650000,0.00697206
21.655000,0.01094641
21.660000,0.01141495
21.665000,0.00726244
21.670000,0.00782615
21.675000,0.00711490
21.680000,0.00503050
21.685000,0.00439155
21.690000,0.00234423
21.695000,0.00308782
21.700000,0.00349300
21.705000,0.00513511
21.710000,0.00615537
21.715000,0.00715383
21.720000,0.00390756
21.725000,0.00304653
21.730000,-0.00122740
21.735000,-0.00008753
21.740000,-0.00021974
21.745000,0.00022715
21.750000,-0.00009751
21.755000,0.00041460
21.760000,-0.00387634
21.765000,-0.00316184
21.770000,0.00044788
21.775000,0.00112499
21.780000,0.00009314
21.785000,0.00271097
21.790000,0.00319799
21.795000,0.00375139
21.800000,0.00752610
21.805000,0.00806963
21.810000,0.00632033
21.815000,0.00421852
21.820000,0.00613030
21.825000,0.00244012
21.830000,0.00113666
21.835000,-0.00045703
21.840000,0.00136212
21.845000,0.00071229
21.850000,0.00086832
21.855000,-0.00307492
21.860000,-0.00413560
21.865000,-0.00418371
21.870000,-0.00424040
21.875000,-0.00418677
21.880000,-0.00294296
21.885000,-0.00240983
21.890000,0.00025999
21.895000,-0.00084213
21.900000,-0.00110386
21.905000,-0.00198687
21.910000,0.00111527
21.915000,0.00352337
21.920000,0.00071684
21.925000,-0.00187971
21.930000,-0.00009076
21.935000,0.00186932
21.940000,0.00278726
21.945000,-0.00024169
21.950000,-0.00141414
21.955000,-0.00269260
21.960000,-0.00315605
21.965000,-0.00343833
21.970000,-0.00649831
21.975000,-0.00758028
21.980000,-0.00833237
21.985000,-0.01202676
21.990000,-0.00825996
21.995000,-0.00461740
22.000000,-0.00594597
22.005000,-0.00662331
22.010000,-0.00721147
22.015000,-0.00825054
22.020000,-0.00671312
22.025000,-0.00835231
22.030000,-0.00605391
22.035000,-0.00441735
22.040000,-0.00405975
22.045000,0.00002969
22.050000,0.00183687
22.055000,0.00125307
22.060000,0.00099534
22.065000,0.00330613
22.070000,0.00183705
22.075000,-0.00011804
22.080000,0.00152501
22.085000,0.00294156
22.090000,0.00151725
22.095000,0.00512140
22.100000,0.00421247
22.105000,0.00602088
22.110000,0.00669688
22.115000,0.00491864
22.120000,0.00448823
22.125000,-0.00032033
22.130000,0.00148342
22.135000,0.00151350
22.140000,0.00319288
22.145000,0.00146870
22.150000,0.00100670
22.155000,-0.00164744
22.160000,-0.00300600
22.165000,-0.00150959
22.170000,-0.00051974
22.175000,0.00193746
22.180000,0.00377999
22.185000,0.00389627
22.190000,-0.00093599
22.195000,0.00169344
22.200000,0.00197431
22.205000,0.00764068
22.210000,0.01071283
22.215000,0.01138675
22.220000,0.01126650
22.225000,0.01014441
22.230000,0.00759955
22.235000,0.00596567
22.240000,0.00541751
22.245000,0.00303348
22.250000,0.00213406
22.255000,0.00375578
22.260000,0.00156867
22.265000,0.00087929
22.270000,0.00007721
22.275000,0.00009980
22.280000,-0.00180468
22.285000,-0.00271818
22.290000,-0.00693062
22.295000,-0.00714958
22.300000,-0.00579622
22.305000,-0.00445855
22.310000,-0.00238834
22.315000,-0.00417841
22.320000,-0.00354560
22.325000,-0.00323852
22.330000,-0.00356937
22.335000,-0.00285217
22.340000,-0.00259438
22.345000,-0.00408698
22.350000,-0.00100144
22.355000,0.00192546
22.360000,-0.00024380
22.365000,0.00080685
22.370000,-0.00030816
22.375000,0.00116705
22.380000,-0.00019467
22.385000,-0.00218655
22.390000,-0.00120055
22.395000,-0.00203738
22.400000,-0.00148771
22.405000,-0.00214132
22.410000,-0.00390751
22.415000,-0.00815301
22.420000,-0.00604700
22.425000,-0.00516035
22.430000,-0.00856289
22.435000,-0.00999530
22.440000,-0.00990584
22.445000,-0.00711894
22.450000,-0.00545806
22.455000,-0.00368710
22.460000,-0.00267686
22.465000,-0.00240215
22.470000,-0.00190902
22.475000,-0.00093848
22.480000,-0.00175318
22.485000,-0.00502872
22.490000,-0.00404899
22.495000,-0.00405913
22.500000,-0.00629532
22.505000,-0.00629232
22.510000,-0.00394605
22.515000,-0.00513645
22.520000,-0.00531293
22.525000,-0.00570906
22.530000,-0.00676114
22.535000,-0.00748591
22.540000,-0.00735719
22.545000,-0.00538495
22.550000,-0.00476982
22.555000,-0.00293666
22.560000,-0.00295201
22.565000,-0.00247938
22.570000,-0.00479942
22.575000,-0.00370443
22.580000,-0.00188966
22.585000,-0.00149555
22.590000,0.00044989
22.595000,0.00255250
22.600000,0.00286583
22.605000,0.00366016
22.610000,0.00682363
22.615000,0.00539157
22.620000,0.00588409
22.625000,0.00867516
22.630000,0.00734082
22.635000,0.01010386
22.640000,0.00989349
22.645000,0.00837747
22.650000,0.00892686
22.655000,0.00976596
22.660000,0.00851748
22.665000,0.00839133
22.670000,0.00732408
22.675000,0.00595959
22.680000,0.00616243
22.685000,0.00728947
22.690000,0.00550715
22.695000,0.00481874
22.700000,0.00763701
22.705000,0.00803514
22.710000,0.00514317
22.715000,0.00590684
22.720000,0.00356565
22.725000,0.00075674
22.730000,0.00037525
22.735000,0.00229789
22.740000,0.00346457
22.745000,0.00535906
22.750000,0.00622739
22.755000,0.00522821
22.760000,0.00560517
22.765000,0.00792361
22.770000,0.01054360
22.775000,0.00740079
22.780000,0.00732810
22.785000,0.00571951
22.790000,0.00668484
22.795000,0.00720537
22.800000,0.00663909
22.805000,0.00498135
22.810000,0.00515024
22.815000,0.00452102
22.820000,0.00427213
22.825000,0.00357968
22.830000,0.00365818
22.835000,0.00325685
22.840000,0.00411865
22.845000,-0.00059892
22.850000,-0.00121515
22.855000,-0.00215950
22.860000,-0.00179801
22.865000,-0.00061671
22.870000,-0.00043913
22.875000,-0.00048128
22.880000,-0.00136469
22.885000,-0.00032568
22.890000,0.00237012
22.895000,0.00281385
22.900000,0.00293972
22.905000,0.00336374
22.910000,0.00228842
22.915000,0.00088526
22.920000,-0.00053682
22.925000,-0.00037251
22.930000,0.00062525
22.935000,0.00092963
22.940000,0.00030551
22.945000,0.00112506
22.950000,0.00047795
22.955000,0.00086358
22.960000,-0.00008400
22.965000,0.00035747
22.970000,-0.00113836
22.975000,-0.00357053
22.980000,-0.00273395
22.985000,-0.00058147
22.990000,-0.00127625
22.995000,-0.00504533
23.000000,-0.00321710
23.005000,-0.00289235
23.010000,0.00066791
23.015000,0.00280845
23.020000,0.00192556
23.025000,0.00178890
23.030000,0.00244166
23.035000,0.00143307
23.040000,0.00366732
23.045000,0.00446557
23.050000,0.00311081
23.055000,0.00496090
23.060000,0.00283448
23.065000,0.00353126
23.070000,0.00146551
23.075000,0.00279617
23.080000,0.00142546
23.085000,0.00049492
23.090000,0.00084437
23.095000,0.00123408
23.100000,0.00163482
23.105000,0.00166171
23.110000,0.00007058
23.115000,-0.00035361
23.120000,-0.00043441
23.125000,-0.00004837
23.130000,-0.00098197
23.135000,0.00005559
23.140000,-0.00065685
23.145000,-0.00164888
23.150000,-0.00303462
23.155000,-0.00438817
23.160000,-0.00574474
23.165000,-0.00650588
23.170000,-0.00419137
23.175000,-0.00400097
23.180000,-0.00128227
23.185000,-0.00375584
23.190000,-0.00244680
23.195000,-0.00136116
23.200000,-0.00367392
23.205000,-0.00324988
23.210000,-0.00282601
23.215000,-0.00211040
23.220000,-0.00286198
23.225000,-0.00206670
23.230000,-0.00048490
23.235000,-0.00184182
23.240000,-0.00227110
23.245000,-0.00128306
23.250000,-0.00246081
23.255000,-0.00109373
23.260000,-0.00098560
23.265000,0.00038046
23.270000,-0.00381605
23.275000,-0.00228402
23.280000,-0.00145689
23.285000,-0.00041094
23.290000,-0.00131993
23.295000,0.00110256
23.300000,0.00005613
23.305000,0.00138984
23.310000,0.00125469
23.315000,-0.00140131
23.320000,-0.00043081
23.325000,-0.00032956
23.330000,-0.00134134
23.335000,-0.00149453
23.340000,0.00236034
23.345000,0.00135187
23.350000,0.00267037
23.355000,0.00233586
23.360000,0.00248059
23.365000,0.00365092
23.370000,0.00474428
23.375000,0.00506045
23.380000,0.00342069
23.385000,0.00356956
23.390000,0.00362514
23.395000,0.00254885
23.400000,0.00087302
23.405000,0.00235764
23.410000,0.00056769
23.415000,0.00133530
23.420000,0.00014506
23.425000,0.00090469
23.430000,-0.00188733
23.435000,-0.00075862
23.440000,-0.00126000
23.445000,-0.00259332
23.450000,0.00006457
23.455000,-0.00006395
23.460000,0.00014127
23.465000,0.00026880
23.470000,0.00119653
23.475000,0.00036132
23.480000,0.00239955
23.485000,0.00116087
23.490000,0.00030764
23.495000,0.00047626
23.500000,0.00318500
23.505000,0.00235216
23.510000,0.00269177
23.515000,0.00191000
23.520000,0.00074207
23.525000,0.00098383
23.530000,0.00278808
23.535000,0.00085474
23.540000,0.00102615
23.545000,0.00156772
23.550000,0.00111163
23.555000,0.00055588
23.560000,-0.00060415
23.565000,-0.00123177
23.570000,-0.00203923
23.575000,-0.00083189
23.580000,-0.00166334
23.585000,-0.00127355
23.590000,0.00033303
23.595000,-0.00102028
23.600000,-0.00221463
23.605000,-0.00212878
23.610000,-0.00279491
23.615000,-0.00146835
23.620000,-0.00043010
23.625000,-0.00003220
23.630000,0.00147558
23.635000,0.00102561
23.640000,0.00109587
23.645000,0.00253268
23.650000,0.00547768
23.655000,0.00470828
23.660000,0.00406802
23.665000,0.00582495
23.670000,0.00561091
23.675000,0.00348512
23.680000,0.00379728
23.685000,0.00354341
23.690000,0.00348949
23.695000,0.00441544
23.700000,0.00349736
23.705000,0.00253803
23.710000,0.00141028
23.715000,0.00275674
23.720000,0.00291650
23.725000,-0.00058937
23.730000,0.00049414
23.735000,0.00088489
23.740000,-0.00276595
23.745000,-0.00073201
23.750000,0.00150836
23.755000,0.00150025
23.760000,0.00216080
23.765000,0.00149940
23.770000,0.00075170
23.775000,0.00206750
23.780000,0.00135750
23.785000,0.00063878
23.790000,0.00109187
23.795000,-0.00078645
23.800000,-0.00139949
23.805000,-0.00045898
23.810000,-0.00273017
23.815000,-0.00289384
23.820000,-0.00338602
23.825000,-0.00428275
23.830000,-0.00570068
23.835000,-0.00668370
23.840000,-0.00731335
23.845000,-0.00804917
23.850000,-0.00804619
23.855000,-0.00819800
23.860000,-0.00907113
23.865000,-0.00824307
23.870000,-0.00750300
23.875000,-0.00876924
23.880000,-0.00705061
23.885000,-0.00684563
23.890000,-0.00571516
23.895000,-0.00615980
23.900000,-0.00698565
23.905000,-0.00647066
23.910000,-0.00718353
23.915000,-0.00549684
23.920000,-0.00252896
23.925000,-0.00130503
23.930000,-0.00101470
23.935000,-0.00124318
23.940000,-0.00197310
23.945000,-0.00195065
23.950000,-0.00266405
23.955000,-0.00309955
23.960000,-0.00126711
23.965000,-0.00146918
23.970000,-0.00036615
23.975000,0.00101865
23.980000,0.00129600
23.985000,0.00181885
23.990000,0.00206267
23.995000,0.00113556
24.000000,0.00090078
24.005000,0.00171700
24.010000,0.00018516
24.015000,-0.00034934
24.020000,0.00018386
24.025000,0.00086493
24.030000,0.00091524
24.035000,0.00051855
24.040000,0.00099474
24.045000,0.00129621
24.050000,0.00131001
24.055000,0.00130730
24.060000,0.00163654
24.065000,0.00088242
24.070000,0.00197284
24.075000,0.00333045
24.080000,0.00291942
24.085000,0.00012151
24.090000,-0.00128886
24.095000,-0.00048038
24.100000,-0.00161059
24.105000,-0.00106198
24.110000,-0.00247199
24.115000,-0.00177131
24.120000,-0.00159709
24.125000,-0.00152961
24.130000,-0.00193353
24.135000,-0.00142090
24.140000,-0.00265994
24.145000,-0.00220526
24.150000,-0.00238570
24.155000,-0.00046026
24.160000,-0.00268392
24.165000,-0.00235102
24.170000,-0.00301382
24.175000,-0.00231567
24.180000,-0.00114964
24.185000,-0.00261436
24.190000,-0.00092256
24.195000,-0.00134218
24.200000,-0.00152227
24.205000,-0.00221334
24.210000,-0.00460505
24.215000,-0.00494714
24.220000,-0.00610608
24.225000,-0.00763675
24.230000,-0.00600933
24.235000,-0.00447269
24.240000,-0.00385839
24.245000,-0.00464536
24.250000,-0.00310736
24.255000,-0.00275559
24.260000,-0.00280205
24.265000,-0.00346713
24.270000,-0.00308077
24.275000,-0.00308294
24.280000,-0.00321638
24.285000,-0.00334059
24.290000,-0.00238485
24.295000,-0.00156742
24.300000,0.00006773
24.305000,-0.00013299
24.310000,-0.00133471
24.315000,-0.00100927
24.320000,-0.00263856
24.325000,-0.00342795
24.330000,-0.00209091
24.335000,-0.00018514
24.340000,0.00042340
24.345000,0.00067229
24.350000,0.00037812
24.355000,0.00054888
24.360000,0.00062841
24.365000,0.00098442
24.370000,0.00014388
24.375000,0.00038064
24.380000,-0.00108601
24.385000,-0.00270708
24.390000,-0.00139478
24.395000,0.00184146
24.400000,0.00199599
24.405000,0.00198503
24.410000,0.00333805
24.415000,0.00180307
24.420000,0.00006717
24.425000,0.00079547
24.430000,0.00222235
24.435000,0.00271964
24.440000,0.00236883
24.445000,0.00407774
24.450000,0.00332565
24.455000,0.00298702
24.460000,0.00231988
24.465000,0.00090134
24.470000,0.00054394
24.475000,0.00030006
24.480000,0.00007781
24.485000,0.00057264
24.490000,-0.00014415
24.495000,0.00108314
24.500000,0.00063957
24.505000,-0.00055364
24.510000,-0.00176164
24.515000,-0.00219611
24.520000,-0.00238846
24.525000,-0.00193647
24.530000,-0.00177811
24.535000,-0.00062340
24.540000,-0.00111008
24.545000,-0.00041788
24.550000,-0.00033016
24.555000,0.00030698
24.560000,-0.00045623
24.565000,0.00042179
24.570000,-0.00063597
24.575000,0.00158575
24.580000,-0.00005980
24.585000,-0.00055433
24.590000,-0.00064240
24.595000,0.00087265
24.600000,0.00254829
24.605000,0.00142469
24.610000,0.00253313
24.615000,0.00096360
24.620000,0.00268676
24.625000,0.00204702
24.630000,0.00246680
24.635000,0.00253444
24.640000,0.00151574
24.645000,0.00144364
24.650000,0.00171950
24.655000,0.00041632
24.660000,0.00070581
24.665000,0.00045428
24.670000,-0.00040349
24.675000,0.00056534
24.680000,-0.00022349
24.685000,-0.00189605
24.690000,-0.00119669
24.695000,-0.00215880
24.700000,-0.00202705
24.705000,-0.00292649
24.710000,-0.00157698
24.715000,-0.00136472
24.720000,-0.00063794
24.725000,-0.00120466
24.730000,-0.00210120
24.735000,-0.00210671
24.740000,-0.00142977
24.745000,-0.00075920
24.750000,0.00077729
24.755000,0.00104952
24.760000,0.00254278
24.765000,0.00138119
24.770000,0.00098023
24.775000,-0.00001569
24.780000,0.00011942
24.785000,-0.00080201
24.790000,-0.00030428
24.795000,-0.00030765
24.800000,-0.00007227
24.805000,0.00020296
24.810000,-0.00010634
24.815000,0.00089269
24.820000,0.00283437
24.825000,0.00320796
24.830000,0.00322769
24.835000,0.00358806
24.840000,0.00284612
24.845000,0.00189683
24.850000,0.00115049
24.855000,0.00148605
24.860000,0.00166362
24.865000,0.00300400
24.870000,0.00151014
24.875000,0.00188778
24.880000,0.00304575
24.885000,0.00173310
24.890000,0.00238959
24.895000,0.00273888
24.900000,0.00255715
24.905000,0.00094394
24.910000,0.00014400
24.915000,0.00079779
24.920000,0.00159280
24.925000,0.00131305
24.930000,0.00096004
24.935000,0.00202041
24.940000,0.00202292
24.945000,0.00238559
24.950000,0.00288008
24.955000,0.00100743
24.960000,0.00368970
24.965000,0.00399886
24.970000,0.00550028
24.975000,0.00453153
24.980000,0.00277790
24.985000,0.00306791
24.990000,0.00135819
24.995000,0.00058060
25.000000,0.00036842
25.005000,-0.00093146
25.010000,-0.00093681
25.015000,-0.00102636
25.020000,-0.00130170
25.025000,-0.00181506
25.030000,-0.00062840
25.035000,-0.00063232
25.040000,-0.00046155
25.045000,-0.00011932
25.050000,-0.00080305
25.055000,-0.00104328
25.060000,0.00100364
25.065000,0.00036967
25.070000,0.00174268
25.075000,0.00007467
25.080000,0.00022129
25.085000,-0.00028754
25.090000,-0.00007088
25.095000,0.00047035
25.100000,0.00091229
25.105000,0.00016657
25.110000,-0.00080081
25.115000,-0.00031799
25.120000,0.00074651
25.125000,0.00123025
25.130000,0.00239370
25.135000,0.00167470
25.140000,0.00077012
25.145000,0.00035013
25.150000,0.00114428
25.155000,0.00076337
25.160000,-0.00025729
25.165000,0.00041619
25.170000,-0.00014241
25.175000,-0.00079693
25.180000,-0.00193195
25.185000,-0.00145664
25.190000,-0.00133615
25.195000,-0.00049442
25.200000,-0.00081239
25.205000,-0.00061958
25.210000,0.00041171
25.215000,-0.00040841
25.220000,0.00121447
25.225000,0.00132060
25.230000,0.00111889
25.235000,0.00152620
25.240000,0.00168452
25.245000,0.00133136
25.250000,0.00139037
25.255000,0.00196810
25.260000,0.00327842
25.265000,0.00412289
25.270000,0.00506903
25.275000,0.00550469
25.280000,0.00531240
25.285000,0.00420393
25.290000,0.00376938
25.295000,0.00298674
25.300000,0.00335494
25.305000,0.00115921
25.310000,0.00069573
25.315000,0.00099909
25.320000,0.00115997
25.325000,0.00132580
25.330000,0.00147269
25.335000,0.00019494
25.340000,0.00121962
25.345000,0.00179722
25.350000,0.00267157
25.355000,0.00268734
25.360000,0.00220208
25.365000,0.00274054
25.370000,0.00204586
25.375000,0.00099069
25.380000,-0.00069245
25.385000,-0.00146147
25.390000,-0.00166078
25.395000,-0.00292112
25.400000,-0.00428283
25.405000,-0.00467582
25.410000,-0.00372906
25.415000,-0.00387325
25.420000,-0.00352836
25.425000,-0.00427820
25.430000,-0.00399320
25.435000,-0.00338624
25.440000,-0.00428402
25.445000,-0.00448896
25.450000,-0.00456343
25.455000,-0.00402628
25.460000,-0.00428424
25.465000,-0.00540691
25.470000,-0.00554374
25.475000,-0.00407577
25.480000,-0.00274093
25.485000,-0.00296473
25.490000,-0.00340240
25.495000,-0.00392588
25.500000,-0.00396629
25.505000,-0.00353852
25.510000,-0.00264082
25.515000,-0.00105276
25.520000,-0.00102569
25.525000,0.00054146
25.530000,0.00150047
25.535000,0.00135501
25.540000,0.00028816
25.545000,0.00030105
25.550000,0.00162102
25.555000,0.00150302
25.560000,0.00289284
25.565000,0.00198271
25.570000,0.00338794
25.575000,0.00291103
25.580000,0.00209623
25.585000,0.00162043
25.590000,0.00109001
25.595000,-0.00018634
25.600000,-0.00088405
25.605000,-0.00267585
25.610000,-0.00163010
25.615000,-0.00109600
25.620000,-0.00149220
25.625000,-0.00202593
25.630000,-0.00085797
25.635000,-0.00160301
25.640000,-0.00080935
25.645000,0.00026719
25.650000,0.00084401
25.655000,0.00084160
25.660000,0.00134840
25.665000,0.00120447
25.670000,0.00201679
25.675000,0.00144066
25.680000,0.00280583
25.685000,0.00330655
25.690000,0.00304576
25.695000,0.00379091
25.700000,0.00440895
25.705000,0.00393842
25.710000,0.00288906
25.715000,0.00173740
25.720000,0.00105848
25.725000,0.00075057
25.730000,0.00052018
25.735000,0.00216767
25.740000,0.00199869
25.745000,0.00195015
25.750000,0.00136604
25.755000,0.00231447
25.760000,0.00109717
25.765000,0.00116942
25.770000,0.00098857
25.775000,0.00079496
25.780000,0.00072894
25.785000,0.00021708
25.790000,-0.00064644
25.795000,0.00009112
25.800000,0.00104232
25.805000,0.00144724
25.810000,0.00227141
25.815000,0.00226202
25.820000,0.00045721
25.825000,-0.00036333
25.830000,-0.00004373
25.835000,-0.00180254
25.840000,-0.00167336
25.845000,-0.00139563
25.850000,-0.00114757
25.855000,-0.00189962
25.860000,-0.00209449
25.865000,-0.00225878
25.870000,-0.00199351
25.875000,-0.00209264
25.880000,-0.00324583
25.885000,-0.00138219
25.890000,-0.00105388
25.895000,-0.00113667
25.900000,-0.00142998
25.905000,-0.00078391
25.910000,-0.00055261
25.915000,-0.00017243
25.920000,-0.00118793
25.925000,-0.00257662
25.930000,-0.00147319
25.935000,-0.00120437
25.940000,-0.00089704
25.945000,0.00002747
25.950000,-0.00019054
25.955000,0.00022941
25.960000,-0.00100463
25.965000,-0.00098237
25.970000,-0.00094975
25.975000,-0.00016217
25.980000,-0.00042305
25.985000,0.00110380
25.990000,-0.00070167
25.995000,0.00012288
26.000000,-0.00108192
26.005000,-0.00030431
26.010000,0.00030865
26.015000,-0.00012446
26.020000,-0.00035106
26.025000,-0.00048258
26.030000,0.00012338
26.035000,-0.00020855
26.040000,0.00007169
26.045000,0.00016513
26.050000,0.00064912
26.055000,0.00079092
26.060000,0.00110377
26.065000,0.00160068
26.070000,0.00205154
26.075000,0.00245486
26.080000,0.00224869
26.085000,0.00209780
26.090000,0.00149826
26.095000,0.00185323
26.100000,0.00111864
26.105000,0.00089587
26.110000,0.00077284
26.115000,0.00110726
26.120000,0.00137275
26.125000,0.00177081
26.130000,0.00181290
26.135000,0.00078745
26.140000,0.00039261
26.145000,0.00045730
26.150000,0.00065012
26.155000,0.00008404
26.160000,-0.00036104
26.165000,-0.00044751
26.170000,-0.00123863
26.175000,-0.00132780
26.180000,-0.00054517
26.185000,-0.00135201
26.190000,-0.00220679
26.195000,-0.00143856
26.200000,-0.00147468
26.205000,-0.00035213
26.210000,-0.00120471
26.215000,-0.00047953
26.220000,-0.00025400
26.225000,-0.00100138
26.230000,-0.00069774
26.235000,0.00079043
26.240000,0.00135632
26.245000,0.00147441
26.250000,0.00120938
26.255000,0.00032455
26.260000,-0.00054133
26.265000,-0.00075734
26.270000,-0.00013011
26.275000,-0.00021442
26.280000,0.00088623
26.285000,0.00025760
26.290000,-0.00043410
26.295000,-0.00035665
26.300000,-0.00037325
26.305000,0.00065384
26.310000,0.00107218
26.315000,0.00108078
26.320000,0.00056186
26.325000,0.00099853
26.330000,0.00252977
26.335000,0.00250664
26.340000,0.00160141
26.345000,0.00052405
26.350000,0.00026882
26.355000,0.00038565
26.360000,-0.00008951
26.365000,-0.00038148
26.370000,-0.00067587
26.375000,0.00017267
26.380000,-0.00063961
26.385000,-0.00091849
26.390000,-0.00018993
26.395000,0.00078983
26.400000,0.00040167
26.405000,0.00028803
26.410000,0.00147171
26.415000,0.00224467
26.420000,0.00166403
26.425000,0.00100036
26.430000,0.00104825
26.435000,0.00044259
26.440000,0.00016933
26.445000,0.00038997
26.450000,-0.00064717
26.455000,-0.00045145
26.460000,-0.00012562
26.465000,-0.00024455
26.470000,0.00030278
26.475000,-0.00008265
26.480000,-0.00023909
26.485000,-0.00132277
26.490000,-0.00308777
26.495000,-0.00362318
26.500000,-0.00350120
26.505000,-0.00332874
26.510000,-0.00333758
26.515000,-0.00333309
26.520000,-0.00321200
26.525000,-0.00299153
26.530000,-0.00326778
26.535000,-0.00403179
26.540000,-0.00340437
26.545000,-0.00398907
26.550000,-0.00282495
26.555000,-0.00325330
26.560000,-0.00323267
26.565000,-0.00242706
26.570000,-0.00249949
26.575000,-0.00300647
26.580000,-0.00288697
26.585000,-0.00210609
26.590000,-0.00191303
26.595000,-0.00182783
26.600000,-0.00171058
26.605000,-0.00077259
26.610000,-0.00139498
26.615000,-0.00106307
26.620000,0.00051863
26.625000,0.00060276
26.630000,0.00116327
26.635000,0.00077480
26.640000,0.00049777
26.645000,0.00058744
26.650000,0.00057078
26.655000,0.00002153
26.660000,0.00054749
26.665000,0.00028801
26.670000,0.00073820
26.675000,0.00068802
26.680000,0.00150451
26.685000,0.00137135
26.690000,0.00082892
26.695000,0.00147375
26.700000,0.00059921
26.705000,0.00035318
26.710000,0.00015610
26.715000,0.00074975
26.720000,0.00097748
26.725000,0.00102775
26.730000,0.00191579
26.735000,0.00188303
26.740000,0.00099796
26.745000,0.00024925
26.750000,-0.00064019
26.755000,-0.00068495
26.760000,-0.00075317
26.765000,-0.00057009
26.770000,-0.00046025
26.775000,-0.00038039
26.780000,0.00057451
26.785000,0.00070006
26.790000,0.00014528
26.795000,-0.00018189
26.800000,-0.00050138
26.805000,-0.00057015
26.810000,-0.00143224
26.815000,-0.00080101
26.820000,-0.00152146
26.825000,-0.00121400
26.830000,-0.00069739
26.835000,-0.00029563
26.840000,-0.00019878
26.845000,-0.00017848
26.850000,0.00074240
26.855000,0.00113053
26.860000,0.00031333
26.865000,0.00062108
26.870000,-0.00004819
26.875000,0.00038262
26.880000,0.00078413
26.885000,0.00218888
26.890000,0.00216301
26.895000,0.00193340
26.900000,0.00165672
26.905000,0.00188997
26.910000,0.00206022
26.915000,0.00219552
26.920000,0.00273701
26.925000,0.00285997
26.930000,0.00185091
26.935000,0.00144393
26.940000,0.00137441
26.945000,0.00150043
26.950000,0.00071211
26.955000,0.00123059
26.960000,0.00089343
26.965000,0.00129265
26.970000,0.00163733
26.975000,0.00113555
26.980000,0.00137995
26.985000,0.00189763
26.990000,0.00182223
26.995000,0.00202801
27.000000,0.00122026
27.005000,0.00043312
27.010000,0.00056159
27.015000,-0.00055426
27.020000,-0.00095657
27.025000,-0.00104812
27.030000,-0.00070995
27.035000,0.00000912
27.040000,0.00048794
27.045000,-0.00028260
27.050000,-0.00050717
27.055000,-0.00030496
27.060000,-0.00055906
27.065000,-0.00034793
27.070000,-0.00091797
27.075000,-0.00143698
27.080000,0.00003062
27.085000,-0.00023984
27.090000,-0.00030253
27.095000,0.00028596
27.100000,0.00025325
27.105000,0.00095615
27.110000,0.00227924
27.115000,0.00232338
27.120000,0.00383818
27.125000,0.00343509
27.130000,0.00197722
27.135000,0.00203555
27.140000,0.00220822
27.145000,0.00139127
27.150000,0.00055811
27.155000,-0.00000137
27.160000,-0.00095614
27.165000,-0.00098680
27.170000,-0.00137509
27.175000,-0.00046548
27.180000,0.00008907
27.185000,-0.00008278
27.190000,-0.00022831
27.195000,0.00048343
27.200000,0.00084633
27.205000,-0.00000636
27.210000,0.00005312
27.215000,0.00024199
27.220000,0.00030884
27.225000,0.00075573
27.230000,0.00045691
27.235000,-0.00051991
27.240000,0.00001306
27.245000,-0.00055789
27.250000,-0.00080454
27.255000,-0.00066677
27.260000,-0.00138904
27.265000,-0.00144088
27.270000,-0.00195835
27.275000,-0.00225300
27.280000,-0.00270311
27.285000,-0.00322421
27.290000,-0.00267918
27.295000,-0.00222809
27.300000,-0.00207394
27.305000,-0.00227793
27.310000,-0.00279623
27.315000,-0.00395485
27.320000,-0.00407250
27.325000,-0.00405203
27.330000,-0.00369462
27.335000,-0.00302408
27.340000,-0.00287493
27.345000,-0.00266165
27.350000,-0.00280952
27.355000,-0.00271056
27.360000,-0.00226903
27.365000,-0.00257597
27.370000,-0.00242975
27.375000,-0.00222700
27.380000,-0.00253472
27.385000,-0.00291295
27.390000,-0.00203792
27.395000,-0.00147594
27.400000,-0.00150760
27.405000,-0.00138948
27.410000,-0.00086714
27.415000,-0.00125603
27.420000,-0.00115341
27.425000,-0.00062245
27.430000,-0.00094092
27.435000,-0.00073363
27.440000,-0.00160803
27.445000,-0.00145625
27.450000,-0.00140751
27.455000,-0.00036537
27.460000,-0.00018809
27.465000,-0.00036072
27.470000,-0.00004293
27.475000,0.00010585
27.480000,-0.00033284
27.485000,-0.00028443
27.490000,0.00069789
27.495000,0.00090446
27.500000,0.00015676
27.505000,0.00004468
27.510000,0.00023846
27.515000,0.00018909
27.520000,0.00087843
27.525000,0.00064177
27.530000,0.00140377
27.535000,0.00104398
27.540000,0.00099181
27.545000,0.00150391
27.550000,0.00065715
27.555000,0.00017782
27.560000,0.00041408
27.565000,0.00107904
27.570000,0.00068394
27.575000,0.00088717
27.580000,0.00026208
27.585000,0.00046537
27.590000,0.00115045
27.595000,0.00091839
27.600000,0.00061321
27.605000,0.00115081
27.610000,0.00138079
27.615000,0.00173881
27.620000,0.00216467
27.625000,0.00196699
27.630000,0.00228622
27.635000,0.00296820
27.640000,0.00259492
27.645000,0.00281886
27.650000,0.00241488
27.655000,0.00289315
27.660000,0.00293388
27.665000,0.00210436
27.670000,0.00199044
27.675000,0.00154659
27.680000,0.00174694
27.685000,0.00147629
27.690000,0.00124070
27.695000,0.00136853
27.700000,0.00097762
27.705000,-0.00043653
27.710000,-0.00078871
27.715000,-0.00114387
27.720000,-0.00051252
27.725000,-0.00133674
27.730000,-0.00056667
27.735000,-0.00056222
27.740000,-0.00043171
27.745000,-0.00056547
27.750000,-0.00069616
27.755000,-0.00099645
27.760000,-0.00010506
27.765000,-0.00047478
27.770000,-0.00030340
27.775000,-0.00025569
27.780000,-0.00028054
27.785000,0.00013039
27.790000,0.00032373
27.795000,-0.00052439
27.800000,-0.00130036
27.805000,-0.00152282
27.810000,-0.00087273
27.815000,-0.00001710
27.820000,-0.00020717
27.825000,-0.00020069
27.830000,-0.00072447
27.835000,-0.00057504
27.840000,-0.00044136
27.845000,-0.00072707
27.850000,-0.00077021
27.855000,-0.00054390
27.860000,0.00021925
27.865000,0.00104732
27.870000,0.00213574
27.875000,0.00175295
27.880000,0.00067073
27.885000,0.00064853
27.890000,0.00008031
27.895000,0.00026009
27.900000,0.00005665
27.905000,-0.00031152
27.910000,-0.00036342
27.915000,0.00006227
27.920000,0.00019014
27.925000,0.00014116
27.930000,-0.00026392
27.935000,-0.00078025
27.940000,-0.00062271
27.945000,-0.00080592
27.950000,-0.00122869
27.955000,-0.00096868
27.960000,-0.00095321
27.965000,-0.00105597
27.970000,-0.00034602
27.975000,-0.00062565
27.980000,-0.00019481
27.985000,-0.00013503
27.990000,0.00005304
27.995000,0.00008740
28.000000,0.00049162
28.005000,0.00111780
28.010000,0.00049776
28.015000,0.00097677
28.020000,0.00080031
28.025000,0.00089837
28.030000,0.00096168
28.035000,0.00067185
28.040000,0.00037278
28.045000,0.00040645
28.050000,0.00009960
28.055000,0.00035566
28.060000,-0.00032632
28.065000,-0.00042429
28.070000,0.00013893
28.075000,0.00003018
28.080000,-0.00039559
28.085000,-0.00044334
28.090000,-0.00087525
28.095000,-0.00053966
28.100000,-0.00049268
28.105000,-0.00059577
28.110000,-0.00029805
28.115000,-0.00033694
28.120000,-0.00063252
28.125000,-0.00075989
28.130000,-0.00106587
28.135000,-0.00148879
28.140000,-0.00118561
28.145000,-0.00141551
28.150000,-0.00161341
28.155000,-0.00117705
28.160000,-0.00167275
28.165000,-0.00193453
28.170000,-0.00207030
28.175000,-0.00132231
28.180000,-0.00131856
28.185000,-0.00116918
28.190000,-0.00106961
28.195000,-0.00150176
28.200000,-0.00125893
28.205000,-0.00082985
28.210000,-0.00007057
28.215000,-0.00011332
28.220000,0.00016505
28.225000,0.00056020
28.230000,0.00059444
28.235000,0.00144508
28.240000,0.00219456
28.245000,0.00270913
28.250000,0.00209900
28.255000,0.00190976
28.260000,0.00213162
28.265000,0.00206288
28.270000,0.00127521
28.275000,0.00128527
28.280000,0.00200822
28.285000,0.00254854
28.290000,0.00274642
28.295000,0.00262326
28.300000,0.00246706
28.305000,0.00242605
28.310000,0.00206912
28.315000,0.00173067
28.320000,0.00166022
28.325000,0.00233261
28.330000,0.00239302
28.335000,0.00232095
28.340000,0.00257696
28.345000,0.00305010
28.350000,0.00330206
28.355000,0.00267165
28.360000,0.00314372
28.365000,0.00326069
28.370000,0.00253597
28.375000,0.00219265
28.380000,0.00114388
28.385000,0.00067092
28.390000,0.00049992
28.395000,0.00048826
28.400000,0.00021601
28.405000,0.00018633
28.410000,-0.00011215
28.415000,-0.00003201
28.420000,-0.00011639
28.425000,0.00004273
28.430000,0.00033214
28.435000,0.00053820
28.440000,0.00036030
28.445000,-0.00038151
28.450000,-0.00023401
28.455000,-0.00082437
28.460000,-0.00054125
28.465000,-0.00010777
28.470000,0.00024268
28.475000,0.00067030
28.480000,0.00102440
28.485000,0.00062224
28.490000,0.00007103
28.495000,-0.00080411
28.500000,-0.00076607
28.505000,-0.00058892
28.510000,-0.00045852
28.515000,-0.00048357
28.520000,-0.00011101
28.525000,-0.00000685
28.530000,-0.00062276
28.535000,-0.00113425
28.540000,-0.00063259
28.545000,-0.00041708
28.550000,-0.00094666
28.555000,-0.00042304
28.560000,-0.00055628
28.565000,-0.00008134
28.570000,-0.00023257
28.575000,0.00021817
28.580000,0.00050886
28.585000,0.00033124
28.590000,0.00015367
28.595000,0.00065362
28.600000,0.00076694
28.605000,0.00033670
28.610000,-0.00003692
28.615000,-0.00021873
28.620000,-0.00027416
28.625000,-0.00071155
28.630000,-0.00005210
28.635000,-0.00039202
28.640000,-0.00075352
28.645000,-0.00139421
28.650000,-0.00139257
28.655000,-0.00143628
28.660000,-0.00109410
28.665000,-0.00120381
28.670000,-0.00114743
28.675000,-0.00113071
28.680000,-0.00105542
28.685000,-0.00112266
28.690000,-0.00127918
28.695000,-0.00111979
28.700000,-0.00063171
28.705000,0.00035155
28.710000,-0.00000593
28.715000,-0.00029130
28.720000,-0.00028739
28.725000,0.00007624
28.730000,0.00020021
28.735000,0.00000941
28.740000,0.00034812
28.745000,-0.00011013
28.750000,-0.00020710
28.755000,-0.00046302
28.760000,-0.00077232
28.765000,-0.00118386
28.770000,-0.00133940
28.775000,-0.00149990
28.780000,-0.00194375
28.785000,-0.00235273
28.790000,-0.00248680
28.795000,-0.00216647
28.800000,-0.00243951
28.805000,-0.00214838
28.810000,-0.00199194
28.815000,-0.00167388
28.820000,-0.00211018
28.825000,-0.00225623
28.830000,-0.00187124
28.835000,-0.00102840
28.840000,-0.00112338
28.845000,-0.00158952
28.850000,-0.00133543
28.855000,-0.00070631
28.860000,-0.00052958
28.865000,-0.00065874
28.870000,-0.00078071
28.875000,-0.00031420
28.880000,0.00064353
28.885000,0.00118676
28.890000,0.00143198
28.895000,0.00160877
28.900000,0.00157027
28.905000,0.00160488
28.910000,0.00154237
28.915000,0.00089085
28.920000,0.00006172
28.925000,0.00024692
28.930000,0.00020175
28.935000,-0.00001717
28.940000,0.00006373
28.945000,0.00014232
28.950000,-0.00019660
28.955000,-0.00058111
28.960000,-0.00028671
28.965000,-0.00059214
28.970000,-0.00050667
28.975000,-0.00045330
28.980000,-0.00052249
28.985000,-0.00057030
28.990000,-0.00054827
28.995000,-0.00053501
29.000000,-0.00088480
29.005000,-0.00089417
29.010000,-0.00061446
29.015000,-0.00002438
29.020000,0.00048327
29.025000,-0.00031427
29.030000,0.00005816
29.035000,0.00008620
29.040000,-0.00024803
29.045000,-0.00028301
29.050000,0.00018640
29.055000,0.00027024
29.060000,0.00014472
29.065000,-0.00008912
29.070000,-0.00012520
29.075000,-0.00019304
29.080000,-0.00048287
29.085000,-0.00097916
29.090000,-0.00123746
29.095000,-0.00107337
29.100000,-0.00174114
29.105000,-0.00196604
29.110000,-0.00107074
29.115000,-0.00080865
29.120000,-0.00010941
29.125000,0.00027911
29.130000,0.00065962
29.135000,0.00092673
29.140000,0.00075658
29.145000,0.00084248
29.150000,0.00133961
29.155000,0.00140992
29.160000,0.00128474
29.165000,0.00123380
29.170000,0.00167663
29.175000,0.00120123
29.180000,0.00177080
29.185000,0.00161779
29.190000,0.00148950
29.195000,0.00126958
29.200000,0.00126144
29.205000,0.00122839
29.210000,0.00129684
29.215000,0.00109443
29.220000,0.00066800
29.225000,0.00040829
29.230000,0.00004744
29.235000,-0.00043621
29.240000,-0.00029642
29.245000,-0.00015498
29.250000,-0.00073934
29.255000,-0.00109333
29.260000,-0.00072780
29.265000,-0.00052208
29.270000,-0.00009781
29.275000,-0.00037131
29.280000,-0.00109069
29.285000,-0.00158279
29.290000,-0.00140331
29.295000,-0.00174429
29.300000,-0.00118618
29.305000,-0.00110511
29.310000,-0.00089067
29.315000,-0.00061871
29.320000,-0.00021052
29.325000,-0.00011853
29.330000,0.00005226
29.335000,-0.00049241
29.340000,-0.00078467
29.345000,-0.00057356
29.350000,-0.00046232
29.355000,-0.00051970
29.360000,-0.00069326
29.365000,-0.00040326
29.370000,-0.00027250
29.375000,-0.00033215
29.380000,0.00035380
29.385000,0.00029497
29.390000,0.00010746
29.395000,0.00051850
29.400000,0.00024762
29.405000,0.00006012
29.410000,0.00020414
29.415000,0.00074288
29.420000,0.00060865
29.425000,-0.00001509
29.430000,0.00036749
29.435000,0.00037407
29.440000,0.00067874
29.445000,0.00082928
29.450000,0.00120872
29.455000,0.00121598
29.460000,0.00063629
29.465000,0.00059569
29.470000,0.00104964
29.475000,0.00154630
29.480000,0.00185042
29.485000,0.00184520
29.490000,0.00143791
29.495000,0.00183451
29.500000,0.00144128
29.505000,0.00137171
29.510000,0.00122314
29.515000,0.00130421
29.520000,0.00140549
29.525000,0.00216947
29.530000,0.00250922
29.535000,0.00235327
29.540000,0.00213569
29.545000,0.00165473
29.550000,0.00177201
29.555000,0.00112530
29.560000,0.00057891
29.565000,0.00047217
29.570000,0.00046814
29.575000,0.00027814
29.580000,0.00041750
29.585000,0.00023443
29.590000,0.00061016
29.595000,0.00068509
29.600000,0.00050924
29.605000,0.00018821
29.610000,0.00067488
29.615000,0.00048441
29.620000,-0.00001670
29.625000,0.00014869
29.630000,-0.00005137
29.635000,0.00061770
29.640000,0.00042358
29.645000,-0.00000375
29.650000,-0.00046710
29.655000,-0.00103623
29.660000,-0.00079403
29.665000,-0.00021949
29.670000,-0.00013751
29.675000,-0.00021204
29.680000,-0.00051161
29.685000,-0.00026217
29.690000,-0.00060620
29.695000,-0.00073917
29.700000,-0.00079077
29.705000,-0.00042557
29.710000,-0.00017190
29.715000,0.00026403
29.720000,0.00093429
29.725000,0.00087112
29.730000,0.00142010
29.735000,0.00182602
29.740000,0.00183820
29.745000,0.00218229
29.750000,0.00239267
29.755000,0.00277222
29.760000,0.00193285
29.765000,0.00156933
29.770000,0.00110741
29.775000,0.00111075
29.780000,0.00110357
29.785000,0.00066787
29.790000,0.00041126
29.795000,0.00039434
29.800000,0.00029443
29.805000,0.00024439
29.810000,0.00008213
29.815000,-0.00029396
29.820000,-0.00014768
29.825000,-0.00054391
29.830000,-0.00033203
29.835000,-0.00028302
29.840000,-0.00003759
29.845000,0.00018891
29.850000,-0.00025476
29.855000,-0.00060270
29.860000,-0.00126436
29.865000,-0.00163683
29.870000,-0.00188984
29.875000,-0.00159281
29.880000,-0.00138859
29.885000,-0.00181535
29.890000,-0.00153665
29.895000,-0.00163202
29.900000,-0.00150184
29.905000,-0.00141306
29.910000,-0.00141193
29.915000,-0.00100913
29.920000,-0.00134205
29.925000,-0.00110663
29.930000,-0.00066520
29.935000,-0.00071127
29.940000,-0.00081995
29.945000,-0.00101826
29.950000,-0.00089215
29.955000,-0.00073770
29.960000,-0.00060117
29.965000,-0.00114350
29.970000,-0.00063778
29.975000,-0.00035313
29.980000,-0.00036344
29.985000,-0.00018404
29.990000,-0.00051635
29.995000,-0.00037338
30.000000,-0.00053961
